date; pm25; pm10; o3; no2; so2; co
01.05.2021;96;16;35;6; ;5
02.05.2021;56;13;39;11; ;4
03.05.2021;40;20;43;25; ;6
04.05.2021;57;13;38;27; ;4
05.05.2021;41;12;31;21;1;4
06.05.2021;31;10;30;18; ;4
07.05.2021;31;17;36;18; ;3
08.05.2021;43;19;42;23; ;5
09.05.2021;47;21;40;33; ;6
10.05.2021;41;28;52;26;1;4
11.05.2021;52;30;50;26;1;4
12.05.2021;55;26;31;24;1;4
13.05.2021;63;19;21;16; ;4
14.05.2021;65;11;39;18; ;4
15.05.2021;47;10;28;16; ;3
16.05.2021;36; ; ; ; ; 
01.04.2021;91;23;30;18;2;5
02.04.2021;73;24;28;13;3;5
03.04.2021;78;15;32;10;2;4
04.04.2021;53;22;38;9;2;5
05.04.2021;52;18;32;16;2;5
06.04.2021;58;21;27;17;3;6
07.04.2021;72;17;26;18;2;5
08.04.2021;61;28;36;28;2;7
09.04.2021;66;30;45;28;2;8
10.04.2021;74;22;40;21;1;7
11.04.2021;65;28;33;22;2;7
12.04.2021;75;13;30;20;1;6
13.04.2021;50;14;29;19;1;6
14.04.2021;57;13;24;17;2;6
15.04.2021;55;16;19;17;2;6
16.04.2021;66;26;20;17;3;7
17.04.2021;83;33;28;21;3;7
18.04.2021;91;41;16;27;2;9
19.04.2021;119;29;36;27;2;7
20.04.2021;86;38;38;25;3;7
21.04.2021;102;28;27;23;2;6
22.04.2021;76;24;28;21;2;5
23.04.2021;65;29;37;19;2;5
24.04.2021;70;20;36;15;1;5
25.04.2021;55;28;33;21;2;6
26.04.2021;64;27;41;23;1;5
27.04.2021;68;32;48;29;1;6
28.04.2021;75;33;35;30;1;8
29.04.2021;77;22;44;28;1;7
30.04.2021;65;27;27;16; ;6
01.03.2021;84;51;19;27;4;8
02.03.2021;131;56;22;32;4;11
03.03.2021;130;52;18;21;5;7
04.03.2021;137;22;21;23;1;5
05.03.2021;75;36;24;20;4;5
06.03.2021;103;29;32;16;3;5
07.03.2021;86;34;24;26;4;6
08.03.2021;92;44;28;27;4;7
09.03.2021;118;43;34;31;3;7
10.03.2021;114;40;29;32;2;8
11.03.2021;113;18;26;22;2;6
12.03.2021;60;20;32;19;2;7
13.03.2021;58;11;33;11;2;4
14.03.2021;38;38;24;25;4;7
15.03.2021;93;60;19;25;4;10
16.03.2021;120;19;27;18;2;5
17.03.2021;78;20;28;20;2;5
18.03.2021;66;40;24;26;4;7
19.03.2021;116;18;23;14;3;5
20.03.2021;63;26;27;11;3;5
21.03.2021;86;18;33;21;2;5
22.03.2021;58;36;24;18;5;5
23.03.2021;100;38;23;22;5;6
24.03.2021;99;57;30;28;5;9
25.03.2021;137;69;38;33;4;10
26.03.2021;149;40;41;20;2;8
27.03.2021;99;23;33;15;2;5
28.03.2021;61;40;28;25;2;7
29.03.2021;100;42;13;26;3;9
30.03.2021;108;49;33;28;3;10
31.03.2021;113;41;48;24;2;8
01.02.2021;139;68;4;33;4;13
02.02.2021;156;43;13;34;3;15
03.02.2021;111;16;22;14;2;6
04.02.2021;51;29;19;20;3;6
05.02.2021;93;21;25;15;2;4
06.02.2021;76;23;22;8;2;3
07.02.2021;78;30;18;20;4;5
08.02.2021;94;69;9;28;10;9
09.02.2021;162;67;16;25;6;9
10.02.2021;158;37;23;19;6;5
11.02.2021;105;30;21;22;7;5
12.02.2021;87;48;20;21;10;6
13.02.2021;130;29;28;12;5;4
14.02.2021;90;55;23;30;7;8
15.02.2021;128;73;6;38;6;12
16.02.2021;159;47;17;27;5;9
17.02.2021;127;41;17;26;3;9
18.02.2021;116;60;15;29;3;11
19.02.2021;153;59;26;29;3;12
20.02.2021;138;54;22;29;2;12
21.02.2021;128;56;16;34;3;13
22.02.2021;140;59;15;28;3;11
23.02.2021;143;83;14;33;5;15
24.02.2021;156;82;12;37;4;17
25.02.2021;166;58;25;24;4;10
26.02.2021;126;24;22;13;2;4
27.02.2021;76;25;24;14;3;4
28.02.2021;88;32;16;20;3;5
04.01.2021;139;19;3;14;2;8
05.01.2021;65;31;3;14;2;9
06.01.2021;96;33;11;18;3;10
07.01.2021;102;34;9;24;3;9
08.01.2021;79;33;8;15;5;8
09.01.2021;91;47;8;17;5;9
10.01.2021;120;63;9;25;3;14
11.01.2021;143;68;16;25;3;13
12.01.2021;129;21;18;20;3;6
13.01.2021;61;21;17;21;3;7
14.01.2021;67;23;18;22;5;6
15.01.2021;71;19;21;15;5;6
16.01.2021;66;29;22;14;3;6
17.01.2021;91;64;14;30;10;10
18.01.2021;155;39;25;33;5;13
19.01.2021;116;25;16;36;3;15
20.01.2021;63;53;2;42;3;20
21.01.2021;127;31;14;40;2;21
22.01.2021;105;22;16;28;3;13
23.01.2021;75;25;12;17;4;9
24.01.2021;83;21;16;19;4;8
25.01.2021;72;30;17;20;4;6
26.01.2021;88;30;17;22;5;5
27.01.2021;87;43;17;26;4;8
28.01.2021;121;24;16;21;4;5
29.01.2021;82;36;16;16;5;6
30.01.2021;109;29;19;19;4;5
31.01.2021;85;51;15;23;4;8
01.10.2020;46;21;12;18;1;7
02.10.2020;66;23;25;23;2;6
03.10.2020;63;16;28;20;1;5
04.10.2020;32;17;19;24;1;6
05.10.2020;39;19;22;22;1;6
06.10.2020;42;24;13;21;1;6
07.10.2020;63;30;9;21;2;7
08.10.2020;83;32;14;20;1;9
09.10.2020;75;22;14;16;1;8
10.10.2020;70;14;14;16;1;4
11.10.2020;57;11;14;20;1;5
12.10.2020;43;7;14;21;1;5
13.10.2020;37;8;16;20;1;5
14.10.2020;24;14;11;17;1;6
15.10.2020;49;17;5;16;1;7
16.10.2020;73;8;10;12;1;4
17.10.2020;37;15;18;10;2;3
18.10.2020;55;21;14;18;2;5
19.10.2020;65;34;21;23;1;9
20.10.2020;82;42;10;26;2;10
21.10.2020;105;44;11;25;2;10
22.10.2020;130;52;6;22;2;10
23.10.2020;143;42;11;16;2;9
24.10.2020;124;30;6;12;1;8
25.10.2020;119;24;20;21;1;9
26.10.2020;79;30;21;26;2;9
27.10.2020;76;46;7;20;2;8
28.10.2020;126;28;15;16;1;7
29.10.2020;83;16;15;18;1;6
30.10.2020;56;20;22;18;1;5
31.10.2020;56;36;6;13;1;7
01.11.2020;109;41;1;18;1;12
02.11.2020;119;26;6;16;2;9
03.11.2020;91;19;14;19;1;6
04.11.2020;64;33;11;20;1;6
05.11.2020;83;43;13;21;2;7
06.11.2020;113;48;14;21;2;8
07.11.2020;136;35;12;17;2;9
08.11.2020;113;47;15;16;1;9
09.11.2020;145;26;12;15;1;6
10.11.2020;83;27;9;12;1;6
11.11.2020;89;32;8;17;1;7
12.11.2020;110;32;10;22;2;8
13.11.2020;75;39;6;17;2;8
14.11.2020;125;46;9;17;3;11
15.11.2020;135;29;5;18;2;8
16.11.2020;99;38;8;23;3;8
17.11.2020;109;40;10;24;2;8
18.11.2020;102;35;17;18;2;9
19.11.2020;99;26;18;19;2;5
20.11.2020;67;42;17;21;2;7
21.11.2020;113;31;21;15;4;7
22.11.2020;103;32;11;19;4;6
23.11.2020;92;43;13;24;3;8
24.11.2020;103;60;3;25;3;12
25.11.2020;162;49;8;21;3;9
26.11.2020;140;44;2;18;4;8
27.11.2020;146;28;6;17;3;7
28.11.2020;103;20;5;11;2;6
29.11.2020;80;40;4;18;3;9
30.11.2020;132;42;6;24;2;10
01.12.2020;105;45;8;18;1;8
02.12.2020;142;51;6;25;2;11
03.12.2020;164;32;15;27;2;11
04.12.2020;101;25; ;31; ;11
05.12.2020;73;18; ;17; ;8
06.12.2020;75;21;6;17;3;6
07.12.2020;78;27;7;17;2;8
08.12.2020;100;29;6;14;2;7
09.12.2020;117;26;5;14;2;7
10.12.2020;103;42;2;17;2;11
11.12.2020;149;30;6;17;1;8
12.12.2020;118;24;2;16;3;8
13.12.2020;89;30;12;21;3;8
14.12.2020;90;49;6;19;1;10
15.12.2020;145;64;2;23;3;15
16.12.2020;171;64;1;23;4;13
17.12.2020;172;47;1;19;4;12
18.12.2020;141;37;2;17;3;11
19.12.2020;136;38;2;18;2;11
20.12.2020;145;61;1;19;2;13
21.12.2020;156;58;4;22;2;16
22.12.2020;153;24;3;20;2;12
23.12.2020;89;19;14;17;2;11
24.12.2020;77;10;18;8;2;4
25.12.2020;41;18;18;12;3;5
26.12.2020;68;23;18;19;2;8
27.12.2020;83;11;23;20;2;7
28.12.2020;41;17;25;23;2;8
29.12.2020;30;32;14;27;2;11
30.12.2020;81;36;5;18;5;9
31.12.2020;107;44;10;14;3;7
01.01.2021;109;46;4;16;2;11
02.01.2021;123;43;4;20;2;13
03.01.2021;132;45;4;20;2;13
01.07.2020;38;12;30;23; ;4
02.07.2020;38;16;20;18; ;4
03.07.2020;57;19;37;19; ;4
04.07.2020;53;17;31;16; ;4
05.07.2020;46;14;22;17; ;4
06.07.2020;35;16;22;17;1;3
07.07.2020;30;14;22;21; ;3
08.07.2020;40;13;27;22; ;4
09.07.2020;45;21;32;28;1;5
10.07.2020;51;10;22;16; ;3
11.07.2020;31;11;22;16; ;3
12.07.2020;29;15;18;18;1;4
13.07.2020;35;14;31;27; ;4
14.07.2020;29;14;33;25; ;4
15.07.2020;43;13;21;24; ;5
16.07.2020;50;16;24;23;1;4
17.07.2020;60;15;24;21; ;5
18.07.2020;60;14;33;18; ;4
19.07.2020;52;15;33;21; ;4
20.07.2020;48;23;25;19;1;4
21.07.2020;65;21;36; ; ; 
23.07.2020;45;20;41;25; ;4
24.07.2020;53;19;41;23;1;4
25.07.2020;52;14;37;19; ;4
26.07.2020;47;19;37;26; ;5
27.07.2020;50;20;30;28; ;5
28.07.2020;48;20;40;25; ;4
29.07.2020;53;24;45;28;1;5
30.07.2020;57;23;37;26;1;4
31.07.2020;48;15;29;20; ;4
01.08.2020;41;14;34;19; ;4
02.08.2020;44;19;32;25; ;5
03.08.2020;52;19;22;19;1;5
04.08.2020;65;13;21;19; ;4
05.08.2020;43;20;35;25; ;5
06.08.2020;60;31;49;30; ;6
07.08.2020;77;31;43;24; ;5
08.08.2020;82;22;37;21; ;5
09.08.2020;67;16;38;26; ;5
10.08.2020;63;18;33;25; ;5
11.08.2020;54;20;39;28;1;5
12.08.2020;47;21;45;32; ;5
13.08.2020;53;21;47;33; ;5
14.08.2020;59;22;38;20;1;4
15.08.2020;58;16;37;17; ;4
16.08.2020;47;13;29;22; ;5
17.08.2020;53;16;19;23; ;5
21.08.2020;52;16;37;21; ;5
22.08.2020;52;10;24;17; ;4
23.08.2020;42;16;30;24; ;4
24.08.2020;43;18;26;25;1;5
25.08.2020;47;17;28;24; ;5
26.08.2020;40;14;22;19;1;3
27.08.2020;24;16;29;27; ;5
28.08.2020;41;15;30;20;1;5
29.08.2020;47;15;34;23;1;5
30.08.2020;50;9;27;21; ;4
31.08.2020;22;7;18;18;1;5
01.09.2020;39;11;18;20;1;5
02.09.2020;29;17;26;23; ;5
03.09.2020;42;15;27;22; ;5
04.09.2020;45;13;22;18; ;4
05.09.2020;41;8;16;15; ;4
06.09.2020;39;14;20;25;1;5
07.09.2020;54;17;26;21; ;5
08.09.2020;49;19;30;28; ;5
09.09.2020;53;17;9;21; ;6
10.09.2020;58;21;26;24;1;6
11.09.2020;51;22;28;22; ;6
12.09.2020;55;22;34;20; ;5
13.09.2020;65;26;29;30;1;7
14.09.2020;66;27;33;29; ;7
15.09.2020;81;33;30;28; ;9
16.09.2020;80;24;17;25; ;6
17.09.2020;60;17;22;23; ;5
18.09.2020;32;24;28;24; ;6
19.09.2020;52;24;25;22;1;5
20.09.2020;68;28;30;28; ;7
21.09.2020;57;36;35;31; ;8
22.09.2020;73;37;13;31; ;8
23.09.2020;79;30;25;27; ;7
24.09.2020;77;25;23;26; ;7
25.09.2020;67;9;22;15; ;5
26.09.2020;32;9;15;12; ;3
27.09.2020;22;14;7;21; ;6
28.09.2020;53;20;11;18; ;6
29.09.2020;67;19;5;21; ;6
30.09.2020;66;12;4;18;1;6
01.04.2020;120;43;41;26;2;7
02.04.2020;106;43;34;20;2;6
03.04.2020;93;35;39;19;2;5
04.04.2020;88;36;43;13;1;5
05.04.2020;92;30;44;32;1;6
06.04.2020;80;45;42;30;1;7
07.04.2020;96;44;44;32;1;7
08.04.2020;95;42;48;25;1;6
09.04.2020;94;26;37;21;1;4
10.04.2020;50;36;44;17;1;5
11.04.2020;83;23;45;14;1;5
12.04.2020;58;24;42;7;1;4
13.04.2020;64;22;31;11;1;3
14.04.2020;35;33;35;16;2;4
15.04.2020;66;32;43;21;1;5
16.04.2020;61;33;38;25;1;5
17.04.2020;63;25;43;18;1;4
18.04.2020;51;16;39;12;1;4
19.04.2020;41;21;37;21;1;5
20.04.2020;50;26;38;21; ;5
21.04.2020;69;24;42;25; ;5
22.04.2020;61;30;44;28; ;6
23.04.2020;63;37;46;23;1;6
24.04.2020;75;32;36;12;1;4
25.04.2020;62;21;37;14;1;4
26.04.2020;44;31;42;27;1;6
27.04.2020;64;28;42;29; ;7
28.04.2020;65;28;40;18; ;6
29.04.2020;71;28;41;21;1;5
30.04.2020;86;19;24;14; ;5
01.05.2020;68;16;33;11; ;5
02.05.2020;49;15;32;10;1;4
03.05.2020;50;27;36;22;1;6
04.05.2020;75;19;33;20; ;5
05.05.2020;48;19;25;16;1;5
06.05.2020;67;25;31;20;1;5
07.05.2020;59;34;42;25;1;6
08.05.2020;78;26;58;26; ;7
09.05.2020;64;21;44;24; ;6
10.05.2020;57;22;39;22; ;6
11.05.2020;44;11;28;18; ;5
12.05.2020;26;19;23;20; ;5
13.05.2020;50;16;26;23; ;4
14.05.2020;51;25;25;24; ;6
15.05.2020;90;30;38;17; ;4
16.05.2020;75;24;38;17; ;4
17.05.2020;71;26;37;26; ;5
18.05.2020;59;25;40;22; ;4
19.05.2020;59;14;33;22; ;3
20.05.2020;25;13;32;23; ;3
21.05.2020;27;19;33;25; ;4
22.05.2020;33;20;39;22; ;3
23.05.2020;46;13;28;9; ;2
24.05.2020;29;11;18;19; ;4
25.05.2020;41;11;22;22; ;5
26.05.2020;48;18;24;23;1;4
27.05.2020;61;20;34;22;1;4
28.05.2020;61;16;26;23; ;3
29.05.2020;35;14;22;15;1;3
30.05.2020;37;13;21;14; ;4
31.05.2020;18;19;31;22; ;5
01.06.2020;29;15;31;24;1;4
02.06.2020;37;20;28;23;1;4
03.06.2020;51;21;35;26; ;5
04.06.2020;54;9;25;26;1;5
05.06.2020;34;10;25;20;1;4
06.06.2020;26;17;32;17;1;4
07.06.2020;53;16;20;17;1;4
08.06.2020;61;15;19;23; ;5
09.06.2020;60;20;25;25; ;6
10.06.2020;79;16;32;13;1;4
11.06.2020;65;24;31;21;1;5
12.06.2020;71;25;37;18;1;5
13.06.2020;65;16;22;12;1;3
14.06.2020;54;14;29;24;1;4
15.06.2020;47;19;26;26;1;5
16.06.2020;58;20;24;21; ;5
17.06.2020;67;23;35;23; ;5
18.06.2020;74;20;27;20; ;5
19.06.2020;66;9;19;12; ;3
20.06.2020;44;12;17;9; ;3
21.06.2020;46;12;21;15; ;4
22.06.2020;48;15;30;21; ;3
23.06.2020;33;18;19;19; ;4
24.06.2020;56;19;30;22; ;4
25.06.2020;62;20;29;23; ;5
26.06.2020;56;16;33;21; ;4
27.06.2020;56;14;37;19; ;4
28.06.2020;41;15;27;22; ;5
29.06.2020;49;14;30;21;1;4
30.06.2020;34;17;32;25; ;4
02.01.2020;141;56;22;33;5;18
03.01.2020;186;76;24;13;3;4
05.01.2020;66;16;15;23;2;8
06.01.2020;129;47;8;29;3;10
07.01.2020;137;57;13;27;4;9
08.01.2020;127;45;3;27;2;10
09.01.2020;106;36;9;28;6;10
10.01.2020;141;51;13;17;2;5
11.01.2020;75;23;17;22;2;7
12.01.2020;80;23;10;28;3;9
13.01.2020;94;39;2;25;2;14
14.01.2020;165;69;4;32;4;15
15.01.2020;159;68;2;32;4;16
16.01.2020;161;67;3;26;1;14
17.01.2020;149;45;5;24;6;13
18.01.2020;150;59;14;21;3;10
19.01.2020;122;46;18;24;2;6
20.01.2020;86;34;20;23;4;7
21.01.2020;91;33;13;20;4;7
22.01.2020;92;35;16;31;3;8
23.01.2020;92;36;17;30;5;13
24.01.2020;147;58;13;23;6;9
25.01.2020;125;47;9;22;7;10
26.01.2020;153;58;6;31;7;14
27.01.2020;160;67;19;35;3;19
28.01.2020;142;45;25;18;3;6
29.01.2020;42;14;22;21;2;6
30.01.2020;48;16;20;23;3;6
31.01.2020;45;18;24;20;2;7
01.02.2020;41;12;27;14;2;5
02.02.2020;28;11;18;22;2;6
03.02.2020;46;15;25;23;1;6
04.02.2020;34;13;24;19;1;5
05.02.2020;30;12;13;20;4;5
06.02.2020;86;38;23;28;2;6
07.02.2020;62;28;17;31;2;9
08.02.2020;113;49;1;22;1;16
09.02.2020;187;56; ; ; ; 
24.02.2020;66;18;20;28;1;7
25.02.2020;54;19;25;25;2;6
26.02.2020;43;16;23;26;1;6
27.02.2020;52;21;20;25;2;7
28.02.2020;78;30;27;29;1;6
29.02.2020;56;23;26;29;1;7
01.03.2020;58;20;21;31;2;8
02.03.2020;61;23;15;25;2;8
03.03.2020;63;22;18;25;2;5
04.03.2020;69;27;33;31;1;8
05.03.2020;106;47;19;36;2;9
06.03.2020;84;36;19;20;2;6
07.03.2020;57;20;24;23;2;6
08.03.2020;78;33;30;32;1;10
09.03.2020;102;49;25;32;3;9
10.03.2020;14;45;25;18;1;5
11.03.2020;49;12;27;20;1;6
12.03.2020;51;18;27;19;1;4
13.03.2020;39;15;33;13;1;3
14.03.2020;37;13;35;16;1;4
15.03.2020;66;21;29;25;2;6
16.03.2020;88;33;32;29;4;8
17.03.2020;115;48;35;30;3;9
18.03.2020;127;61;38;26;1;9
19.03.2020;119;52;23;22;1;5
20.03.2020;100;43;27;11;1;3
21.03.2020;48;15;29;7;1;3
22.03.2020;40;13;34;14;1;4
23.03.2020;62;21;35;17;1;4
24.03.2020;66;23;38;17;1;4
25.03.2020;76;31;37;23;2;5
26.03.2020;88;36;43;27;2;5
27.03.2020;105;44;45;29;2;6
28.03.2020;130;51;37;11;4;6
29.03.2020;138;56;29;17;1;4
30.03.2020;47;16;28;21;2;6
31.03.2020;115;42;35;20;3;6
01.10.2019;46;24;15;29;2;8
02.10.2019;78;18;18;22;1;6
03.10.2019;74;23;15;24;1;7
04.10.2019;94;16;19;19; ;7
05.10.2019;73;15;21;19; ;6
06.10.2019;60;27;24;25;1;7
07.10.2019;83;32;19;28;1;9
08.10.2019;95;17;10;25;1;8
09.10.2019;69;11;22;21; ;6
10.10.2019;34;15;21;27; ;8
11.10.2019;50;22;24;29;1;10
12.10.2019;61;32;22;26;1;10
13.10.2019;82;39;21;30;1;12
14.10.2019;94;47;28;36;1;12
15.10.2019;107;24;22;25;1;9
16.10.2019;72;32;28;30;1;10
17.10.2019;68;42;25;31;2;11
18.10.2019;98;48;19;27;2;12
19.10.2019;120;26;24;28;1;11
20.10.2019;93;36;14;31;2;9
21.10.2019;81;53;21;30;2;11
22.10.2019;116;50;8;25;1;10
23.10.2019;153;51;10;30;1;13
24.10.2019;140;56;18;29;2;10
25.10.2019;134;53;19;27;2;11
26.10.2019;139;39;25;22;2;8
27.10.2019;105;27;21;24;1;5
28.10.2019;74;50;13;22;3;7
29.10.2019;125;23;23;27;1;6
30.10.2019;73;55;10;26;2;9
31.10.2019;149;57;9;21;1;9
01.11.2019;155;40;8;24;3;11
02.11.2019;120;19;26;20;1;7
03.11.2019;72;18;17;26;1;8
04.11.2019;67;31;14;30;1;10
05.11.2019;76;41;14;28;2;9
06.11.2019;107;48;7;30;4;14
07.11.2019;121;39;4;22;1;13
08.11.2019;130;34;2;19;2;13
09.11.2019;108;20;8;16;2;9
10.11.2019;79;26;19;18;1;8
11.11.2019;81;28;11;31;2;12
12.11.2019;80;28;16;27;2;11
13.11.2019;94;24;11;21;2;8
14.11.2019;79;38;5;18;1;10
15.11.2019;115;36;16;26;2;13
16.11.2019;107;30;15;23;2;11
17.11.2019;97;39;10;35;2;14
18.11.2019;95;42;6;32;2;14
19.11.2019;93;36;7;23;2;12
20.11.2019;125;25;12;22;2;8
21.11.2019;79;26;6;15;3;9
22.11.2019;76;34;4;16;1;10
23.11.2019;116;29;7;15;1;17
24.11.2019;130;38;3;14;2;10
25.11.2019;123;43;2;15;2;11
26.11.2019;130;41;2;20;2;13
27.11.2019;133;82;1;30;4;23
28.11.2019;165;19;16;25;2;9
29.11.2019;64;25;22;21;3;8
30.11.2019;69;46;17;29;4;12
01.12.2019;123;48;13;26;4;11
02.12.2019;133;34;16;28;2;9
03.12.2019;97;67;6;35;3;14
04.12.2019;164;67;3;33;5;16
05.12.2019;162;46;8;30;5;12
06.12.2019;132;33;11;24;5;10
07.12.2019;101;14;20;29;3;10
08.12.2019;53;30;12;36;3;12
09.12.2019;76;29;15;23;3;9
10.12.2019;75;43;14;29;3;10
11.12.2019;101;72;2;38;4;17
12.12.2019;158;37;2;35;5;13
13.12.2019;95;16;20;32;4;10
14.12.2019;51;15;26;31;3;9
15.12.2019;50;40;18;33;2;13
16.12.2019;92;81;1;31;2;22
17.12.2019;171;70;2;36;2;22
18.12.2019;163;62;2;27; ;19
19.12.2019;160;45;20;40;1;16
20.12.2019;107;25;23;30;1;10
21.12.2019;69;28;12;19;1;9
22.12.2019;81;26;10;22; ;10
23.12.2019;71;20;19;13;1;7
24.12.2019;44;30;13;16;1;9
25.12.2019;88;17;17;12;1;7
26.12.2019;52;14;14;17; ;7
27.12.2019;48;8;16;13; ;6
28.12.2019;31;14; ; ; ; 
01.07.2019;44;23;47;24;3;3
02.07.2019;46;24;38;22;3;3
03.07.2019;33;22;42;28;3;3
04.07.2019;38;27;39;26;3;3
05.07.2019;41;23;50;26;3;3
06.07.2019;39;18;40;17;3;3
07.07.2019;50;19;33;17;3;2
08.07.2019;23;20;32;21;3;2
09.07.2019;31;21;28;19;3;2
10.07.2019;29;15;25;23;3;3
11.07.2019;47;17;37;26;3;3
12.07.2019;45;17;31;24;3;4
13.07.2019;66;18;23;18;2;3
14.07.2019;54;17;36;26;2;4
15.07.2019;40;23;32;20;3;3
16.07.2019;59;18;27;21;3;3
17.07.2019;41;22;40;30;3;4
18.07.2019;43;22;44;30;3;4
19.07.2019;50;18;48;28;2;4
20.07.2019;51;18;44;20;2;4
21.07.2019;51;23;38;26;3;4
22.07.2019;52;17;16;22;2;4
23.07.2019;58;21;19;21;3;5
24.07.2019;57;19;35;26;3;4
25.07.2019;39;27;42;33;3;5
26.07.2019;51;21;40;24;3;5
27.07.2019;57;17;46;25;3;4
28.07.2019;50;21;54;28;3;4
29.07.2019;48;23;40;22;3;5
30.07.2019;58;28;29;22;3;5
31.07.2019;60;25;40;25;3;4
01.08.2019;55;21;42;31;4;5
02.08.2019;43;14;29;24;3;4
03.08.2019;41;17;33;19;3;3
04.08.2019;35;17;43;26;2;4
05.08.2019;33;20;45;30;2;4
06.08.2019;41;20;35;29;2;5
07.08.2019;44;16;36;28;2;4
08.08.2019;43;29;41;30;2;5
09.08.2019;45;20;36;22;2;4
10.08.2019;37;7;39;21;2;4
11.08.2019;20;24;44;29;2;5
12.08.2019;44;18;30;27;2;4
13.08.2019;37;14;22;27;2;4
14.08.2019;32;18;42;23;2;4
15.08.2019;40;18;23;23;2;4
16.08.2019;44;15;36;21;2;4
17.08.2019;41;14;28;23;2;5
18.08.2019;34;19;44;27;2;4
19.08.2019;31;14;32;23;2;5
20.08.2019;35;13;23;21;1;4
21.08.2019;36;15;34;24;1;4
22.08.2019;33;22;40;27;2;5
23.08.2019;49;21;42;25;2;5
24.08.2019;44;23;39;26;2;5
25.08.2019;50;33;40;30;2;6
26.08.2019;51;38;36;29;2;6
27.08.2019;55;30;45;29;2;6
28.08.2019;52;29;42;30;2;6
29.08.2019;47;30;58;34;2;6
30.08.2019;53;25;52;30;2;6
31.08.2019;50;27;44;27;2;5
01.09.2019;49;16;30;23;2;4
02.09.2019;39;15;23;23;2;5
03.09.2019;33;21;39;26;2;5
04.09.2019;32;23;37;28;2;5
05.09.2019;30;21;31;27;2;5
06.09.2019;24;24;23;25;2;6
07.09.2019;55;16;35;22;2;5
08.09.2019;38;17;24;26;2;5
09.09.2019;46;10;29;26;3;5
10.09.2019;22;23;38;28;2;6
11.09.2019;42;27;39;30;2;6
12.09.2019;49;22;30;27;2;5
13.09.2019;44;17;28;21;2;4
14.09.2019;23;18;32;21;3;5
15.09.2019;36;22;25;24;3;5
16.09.2019;39;19;24;19;3;4
17.09.2019;27;17;24;19;3;4
18.09.2019;22;18;21;23;3;4
19.09.2019;34;25;19;24;3;5
20.09.2019;47;31;29;23;3;6
21.09.2019;49;26;32;24;3;7
22.09.2019;50;31;21;24;3;7
23.09.2019;55;47;17;23;3;6
24.09.2019;64;49;6;25;3;9
25.09.2019;78;23;21;22;3;6
26.09.2019;44;22;19;27;3;7
27.09.2019;41;15;23;20;3;5
28.09.2019;28;12;24;23;3;6
29.09.2019;26;15;27;18;3;4
30.09.2019;17;13;27;27;3;7
01.04.2019;53;32;40;25;3;4
02.04.2019;73;43;42;35;3;6
03.04.2019;106;50;44;42;4;7
04.04.2019;122;44;41;40;4;8
05.04.2019;107;42;26;27;3;7
06.04.2019;116;30;39;28;3;7
07.04.2019;92;39;42;35;4;8
08.04.2019;124;42;46;34;4;6
09.04.2019;120;30;31;26;3;5
10.04.2019;85;31;30;29;3;6
11.04.2019;93;21;25;30;2;6
12.04.2019;84;34;25;27;2;6
13.04.2019;110;28;40;30;3;6
14.04.2019;89;28;41;37;4;6
15.04.2019;79;29;42;36;2;6
16.04.2019;92;33;31;36;2;7
17.04.2019;93;38;45;38;2;8
18.04.2019;106;43;49;37;2;7
19.04.2019;100;32;48;25;2;7
20.04.2019;85;20;43;21;2; 
21.04.2019;68;21;40;17;2; 
22.04.2019;68;24;41;19;1; 
23.04.2019;64;27;38;27;1; 
24.04.2019;69;35;35;39;1; 
25.04.2019;74;48;32;41;1; 
26.04.2019;80;27;19;22;2; 
27.04.2019;74;19;19;16;1; 
28.04.2019;78;12;21;22;2; 
29.04.2019;62;14;13;24;2; 
30.04.2019;67;23;43;17;2;4
01.05.2019;72;27;45;23;2;4
02.05.2019;73;28;28;19;3;5
03.05.2019;84;20;38;21;2;4
04.05.2019;65;12;27;20;1;4
05.05.2019;50;15;28;28;2;5
06.05.2019;46;22;31;24;2;4
07.05.2019;60;31;39;29;2;6
08.05.2019;88;24;31;35;2;7
09.05.2019;83;19;27;25;2;6
10.05.2019;64;18;43;26;2;6
11.05.2019;56;20;28;16;2;5
12.05.2019;75;13;27;24;1;4
13.05.2019;38;7;24;25;1;5
14.05.2019;43;7;11;19;1;6
15.05.2019;45;17;26;23;2;6
16.05.2019;66;26;31;27;3;6
17.05.2019;81;19;40;22;2;6
18.05.2019;59;16;32;25;2;7
19.05.2019;62;18;36;30;2;5
20.05.2019;51;18;25;24;2;5
21.05.2019;56;10;27;21;2;5
22.05.2019;45;8;14;20;2;6
23.05.2019;42;29;12;22;2;7
24.05.2019;100;26;48;24;3;7
25.05.2019;76;28;47;26;2;6
26.05.2019;86;24;37;33;2;6
27.05.2019;67;19;25;25;2;6
28.05.2019;59;14;17;20;2;5
29.05.2019;53;17;20;24;1;5
30.05.2019;46;34;40;30;3;6
31.05.2019;63;25;33;27;2;7
01.06.2019;64;17;41;22;2;5
02.06.2019;54;21;38;28;2;5
03.06.2019;46; ;44;31;2;6
04.06.2019;55;52;40;24;3;5
05.06.2019;58;20;40;28;2;5
06.06.2019;48;23;44;30;2;6
07.06.2019;56;26;46;22;2;5
08.06.2019;52;16;45;21;2;4
09.06.2019;36;38;42;27;2;5
10.06.2019;55;38;45;31;2;6
11.06.2019;52;31;45;33;2;6
12.06.2019;46;37;47;32;2;6
13.06.2019;51;40;49;33;2;7
14.06.2019;58;41;48;32;2;6
15.06.2019;54;25;49;22;2;5
16.06.2019;47;21;37;28;2;5
17.06.2019;32;31;44;27;2;5
18.06.2019;51;29;43;33;2;6
19.06.2019;54;15;37;19;2;5
20.06.2019;46;23;47;23;3;5
21.06.2019;54;18;38;21;2;5
22.06.2019;55;13;41;18;3;4
23.06.2019;26;16;40;25;2;5
24.06.2019;38;28;45;28;2;6
25.06.2019;61;29;47;30;2;6
26.06.2019;61;32;48;29;2;5
27.06.2019;45;21;36;24;2;4
28.06.2019;45;17;48;26;2;4
29.06.2019;34;18;44;25;3;5
30.06.2019;40;25;67;25;3;4
01.01.2019;84;10;24;15;2;5
02.01.2019;44;11;23;20;2;5
03.01.2019;52;25;23;25;2;7
04.01.2019;107;15;17;20;3;7
05.01.2019;77;10;22;16;1;5
06.01.2019;59;38;18;27;8;10
07.01.2019;132;42;12;30;4;13
08.01.2019;131;33;10;31;4;11
09.01.2019;124;59;10;26;5;11
10.01.2019;169;53;11;26;9;10
11.01.2019;163;24;15;22;5;8
12.01.2019;118;7;15;18;3;7
13.01.2019;58;10;21;14;3;5
14.01.2019;40;13;21;17;4;6
15.01.2019;69;18;15;20;3;7
16.01.2019;89;27;19;33;3;13
17.01.2019;107;12;19;20;3;6
18.01.2019;56;41;17;29;4;10
19.01.2019;113;73;9;27;5;14
20.01.2019;178;87;2;29;11;15
21.01.2019;186;91;12;30;6;14
22.01.2019;176;35;18;21;4;8
23.01.2019;122;27;19;21;4;8
24.01.2019;95;42;17;24;7;9
25.01.2019;128;48;11;25;6;9
26.01.2019;146;42;16;28;5;12
27.01.2019;134;60;5;35;5;17
28.01.2019;160;31;7;28;4;10
29.01.2019;92;42;11;28;6;11
30.01.2019;126;74;9;32;12;15
31.01.2019;168;59;19;32;5;13
01.02.2019;142;24;19;30;5;10
02.02.2019;79;47;8;20;6;12
03.02.2019;143;25;8;21;5;9
04.02.2019;91;43;13;27;6;9
05.02.2019;125;55;15;33;6; 
06.02.2019;135;76;7;38;5; 
07.02.2019;168;65;8;38;7; 
08.02.2019;161;60;16;33;4; 
09.02.2019;150;36;25;35;3; 
10.02.2019;115;14;17;23;3; 
11.02.2019;56;16;18;16;3; 
12.02.2019;52;26;15;21;4; 
13.02.2019;86;35;12;21;5; 
14.02.2019;105;44;13;31;5; 
15.02.2019;127;59;17;32;6; 
16.02.2019;144;65;19;31;8; 
17.02.2019;151;94;12;42;6; 
18.02.2019;166;82;19;33;6; 
19.02.2019;168;37;14;22;4; 
20.02.2019;104;37;17;22;5; 
21.02.2019;97;14;23;20;1; 
22.02.2019;55;20;21;24;3; 
23.02.2019;74;56;16;26;8; 
24.02.2019;149;56;14;27;8; 
25.02.2019;132;40;18;23;4; 
26.02.2019;103;50;15;28;6; 
27.02.2019;131;45;20;24;6; 
28.02.2019;112;54;13;23;4; 
01.03.2019;134;34;19;27;5; 
02.03.2019;99;41;16;22;4; 
03.03.2019;107;25;21;29;3; 
04.03.2019;53;15;22;19;3; 
05.03.2019;43;26;20;28;3; 
06.03.2019;80;30;21;35;3; 
07.03.2019;82;16;22;25;3; 
08.03.2019;40;13;22;21;3; 
09.03.2019;48;8;25;15;2; 
10.03.2019;29;14;23;22;2; 
11.03.2019;50;24;19;26;3; 
12.03.2019;80;30;18;33;3; 
13.03.2019;70;14;18;31;3; 
14.03.2019;61;11;20;23;3; 
15.03.2019;43;13;24;14;3; 
16.03.2019;39;20;28;33;3; 
17.03.2019;62;20;21;29;3; 
18.03.2019;63;39;18;30;4; 
19.03.2019;90;69;20;33;5;9
20.03.2019;138;64;16;34;6;9
21.03.2019;144;58;12;30;8;9
22.03.2019;138;46;18;26;2;9
23.03.2019;125;40;22;22;4;6
24.03.2019;113;25;19;24;3;5
25.03.2019;79;21;22;18;3;4
26.03.2019;69;27;23;28;4;5
27.03.2019;76;48;9;29;4;8
28.03.2019;122;56;24;31;3;9
29.03.2019;144;61;29;34;5;10
30.03.2019;145;45;42;26;4;7
31.03.2019;118;18;37;23;3;4
01.10.2018;124;22;17;22;2;5
02.10.2018;85;18;28;16;1;4
03.10.2018;44;29;21;23;1;5
04.10.2018;70;43;29;28;1;10
05.10.2018;121;38;30;32;2;11
06.10.2018;112;36;19;28;2;10
07.10.2018;113;21;22;22;2;6
08.10.2018;75;44;17;28;2;8
09.10.2018;120;41;26;33;2;11
10.10.2018;142;50;15;29;2;11
11.10.2018;157;55;28;37;3;12
12.10.2018;136;56;27;33;2;12
13.10.2018;153;46;26;26;3;11
14.10.2018;141;50;24;32;2;11
15.10.2018;133;59;28;36;2;13
16.10.2018;139;68;25;41;3;14
17.10.2018;152;74;2;35;3;13
18.10.2018;175;78;11;25;12;11
19.10.2018;181;49;18;20;16;7
20.10.2018;141;28;19;19;15;6
21.10.2018;101;51;6;23;15;10
22.10.2018;158;19;21;17;16;5
23.10.2018;68;13;29;13;15;3
24.10.2018;26;12;24;18;15;4
25.10.2018;57;30;21;30;16;8
26.10.2018;85;42;13;21;16;10
27.10.2018;137;13;22;16;15;5
28.10.2018;77;33;18;21;5;8
29.10.2018;106;37;27;29; ;7
30.10.2018;69;36;19;40;2;12
31.10.2018;77;43;24;26;1;10
01.11.2018;117;58;27;32;1;10
02.11.2018;108;41;10;18; ;8
03.11.2018;137;26;10;13; ;6
04.11.2018;95;49;7;20; ;8
05.11.2018;141;49;8;31;4;13
06.11.2018;136;57;4;29;1;15
07.11.2018;164;71;6;31;3;16
08.11.2018;170;77;3;28; ;17
09.11.2018;181;76;5;25; ;19
10.11.2018;183;69;6;24;1;19
11.11.2018;175;68;7;24; ;17
12.11.2018;175;66;10;27;2;16
13.11.2018;165;46;14;23;1;6
14.11.2018;93;30;17;26;1;8
15.11.2018;108;20;15;15; ;6
16.11.2018;84;34;16;20;2;7
17.11.2018;120;47;13;22;5;8
18.11.2018;151;33;18;22;1;7
19.11.2018;127;39;14;19;2;6
20.11.2018;142;31;16;20;2;6
21.11.2018;121;48;12;21;2;7
22.11.2018;141;65;6;21;1;9
23.11.2018;162;50;1;20;2;13
24.11.2018;159;44;2;17;4;13
25.11.2018;160;26;12;14;2;7
26.11.2018;99;26;16;22;1;6
27.11.2018;99;40;17;27;2;8
28.11.2018;133;44;17;24;2;7
29.11.2018;128;48;12;30;2;9
30.11.2018;127;58;8;26;3;11
01.12.2018;170;60;9;28;4;15
02.12.2018;172;36;8;31;3;15
03.12.2018;134;32;11;23;2;11
04.12.2018;115;42;14;28;4;8
05.12.2018;115;70;4;34;4;13
06.12.2018;162;48;5;32;4;14
07.12.2018;146;30;16;28;3;11
08.12.2018;97;8;22;22;2;8
09.12.2018;43;17;19;21;2;6
10.12.2018;60;22;17;28;4;9
11.12.2018;102;34;9;24;2;9
12.12.2018;123;58;13;23;5;10
13.12.2018;152;30;10;21;3;8
14.12.2018;113;19;13;16;3;7
15.12.2018;93;37;13;23;4;10
16.12.2018;130;86;2;30;7;19
17.12.2018;203;79;2;29;10;16
18.12.2018;185;59;13;23;4;11
19.12.2018;159;67;4;37;7;15
20.12.2018;176;52;11;38;5;17
21.12.2018;147;10;17;18;3;7
22.12.2018;54;19;13;18;3;7
23.12.2018;97;11;17;12;2;5
24.12.2018;61;18;20;10;2;5
25.12.2018;92;20;16;10;3;5
26.12.2018;97;18;12;16;3;7
27.12.2018;90;23;11;18;4;7
28.12.2018;99;17;13;19;3;7
29.12.2018;90;15;13;15;4;7
30.12.2018;87; ; ; ; ; 
01.07.2018;24;12;31;26; ;4
02.07.2018;37;23;43;33; ;5
03.07.2018;49;27;62;42; ;6
04.07.2018;51;33;72;50; ;6
05.07.2018;58;34;53;39; ;6
06.07.2018;87;24;42;25;1;4
07.07.2018;62;22;41;25;1;4
08.07.2018;53;29;42;36; ;6
09.07.2018;71;28;50;33; ;5
10.07.2018;72;28;28;28; ;6
11.07.2018;107;19;38;26; ;4
12.07.2018;71;13;42;25; ;4
13.07.2018;57;18;35;19; ;3
14.07.2018;64;16;34;19; ;3
15.07.2018;62;22;28;28;1;6
16.07.2018;78;13;22;22; ;5
17.07.2018;80;9;19;20; ;5
18.07.2018;54;16;15;18; ;4
19.07.2018;85;28;28;25; ;6
20.07.2018;99;35;58;33; ;5
21.07.2018;92;31;64;30; ;5
22.07.2018;99;38;43;34; ;5
23.07.2018;75;43;54;37; ;4
24.07.2018;69;35;40;32; ;5
25.07.2018;73;25;31;30; ;6
26.07.2018;62;31;39;32;2;6
27.07.2018;64;30;48;30; ;6
28.07.2018;162;23;44;23; ;5
29.07.2018;297;23;30;29; ;7
30.07.2018;58;31;38;29; ;7
31.07.2018;71;29;44;27; ;5
01.08.2018;74;27;45;31; ;6
02.08.2018;75;29;55;36; ;6
03.08.2018;73;28;54;33; ;5
04.08.2018;74;23;49;25; ;5
05.08.2018;74;18;40;30; ;5
06.08.2018;51;23;45;30; ;5
07.08.2018;49;30;48;38; ;7
08.08.2018;69;32;57;37; ;7
09.08.2018;69;31;46;35; ;7
10.08.2018;71;12;21;23;1;5
11.08.2018;60;16;46;23;1;5
12.08.2018;57;21;39;34; ;7
13.08.2018;58;31;38;32; ;7
14.08.2018;77;12;32;18; ;4
15.08.2018;49;20;39;31; ;5
16.08.2018;62;28;46;32; ;6
17.08.2018;83;32;50;31;1;6
18.08.2018;91;27;51;29;1;6
19.08.2018;87;30;48;40;1;7
20.08.2018;73;23;28;30; ;6
21.08.2018;59;28;45;29; ;5
22.08.2018;55;33;50;37; ;7
23.08.2018;73;31;40;36; ;8
24.08.2018;91;21;13;24;1;6
25.08.2018;88;11;21;23;1;5
26.08.2018;50;17;28;26;1;6
27.08.2018;67;26;24;28;1;6
28.08.2018;73;30;41;28;1;5
29.08.2018;79;29;38;35;1;6
30.08.2018;80;25;29;29;1;6
31.08.2018;88;29;45;26;1;6
01.09.2018;94;32;42;27;1;6
02.09.2018;97;32;44;32;1;6
03.09.2018;85;20;25;30;1;6
04.09.2018;81;30;31;17;1;6
05.09.2018;85;31;24;35;2;7
06.09.2018;90;40;47;33;2;7
07.09.2018;83;29; ;21; ;6
08.09.2018;104;20; ;22; ;5
09.09.2018;73;33;41;33;2;6
10.09.2018;79;34;31;33;1;7
11.09.2018;84;37;43;40; ;7
12.09.2018;69;46;63;43;1;8
13.09.2018;88;38;8;27;1;7
14.09.2018;115;13;20;20; ;5
15.09.2018;61;22;34;20;1;5
16.09.2018;78;28;33;30;1;7
17.09.2018;77;35;43;32;1;7
18.09.2018;85;42;40;32; ;7
19.09.2018;89;49;49;40;1;15
20.09.2018;110;48;42;41;1;20
21.09.2018;110;16;21;21; ;5
22.09.2018;60;12;29;18; ;4
23.09.2018;41;10;25;15; ;3
24.09.2018;25;16;21;20; ;4
25.09.2018;51;25;25;25;1;5
26.09.2018;82;24;20;25;1;6
27.09.2018;66;27;26;26;1;13
28.09.2018;88;18;25;22; ;5
29.09.2018;60;29; ;21; ;7
30.09.2018;103;38;16;26;3;8
15.05.2018;68;23;11;25;2;5
16.05.2018;70;21;19;23; ;4
17.05.2018;51;11;25;22; ;4
18.05.2018;85;32;35;24;1;4
19.05.2018;60;24;42;25;1;4
20.05.2018;42;18;40;29; ;4
21.05.2018;46;28;43;34;1;5
22.05.2018;63;24;47;34;1;5
23.05.2018;68;27;53;32;1;4
24.05.2018;54;17;49;35;1;4
25.05.2018;63;23;52;29;3;4
28.05.2018;49;36;43;35;1;5
29.05.2018;62;32;50;39;2;6
30.05.2018;71;33;59;27;1;4
31.05.2018;83;29;53;32;1;4
01.06.2018;74;29;45;22;1;4
02.06.2018;89;23;47;21;1;4
03.06.2018;82;23;61;32;1;5
04.06.2018;97;33;46;34;1;5
05.06.2018;100;37;41;23;1;2
06.06.2018;44;20;51;32;1;4
07.06.2018;50;26;57;37;1;5
08.06.2018;65;30;57;27; ;4
09.06.2018;76;26;59;26; ;4
10.06.2018;76;25;56;28; ;4
11.06.2018;83;27;34;30; ;6
12.06.2018;100;24;31;28; ;6
13.06.2018;83;21;30;31; ;6
14.06.2018;75;21;39;34; ;5
15.06.2018;57;17;46;33; ;5
16.06.2018;60;22;45;26; ;5
17.06.2018;59;17;34;33; ;6
18.06.2018;73;24;37;36; ;3
19.06.2018;79;28;36;38;1;3
20.06.2018;72;29;30;32; ;3
21.06.2018;70;26;27;24; ;4
22.06.2018;39;18;22;19; ;4
23.06.2018;51;13;25;15; ;4
24.06.2018;43;8;30;26; ;5
25.06.2018;53;15;28;25; ;5
26.06.2018;48;14;30;28; ;6
27.06.2018;60;14;27;31; ;7
28.06.2018;80;16;40;41; ;7
29.06.2018;76;26;31;22; ;4
30.06.2018;28;16;24;19; ;4
22.07.2020; ;22;34;36; ;6
18.08.2020; ;22;19;22; ;6
19.08.2020; ;25;35;28; ;5
20.08.2020; ;21;36;31; ;6
01.01.2020; ;28;6;37;5;15
04.01.2020; ;16;26;12;1;4
10.02.2020; ;15; ; ; ; 
11.02.2020; ;10; ; ; ; 
12.02.2020; ;11; ; ; ; 
13.02.2020; ;23; ; ; ; 
14.02.2020; ;23; ; ; ; 
15.02.2020; ;28; ; ; ; 
16.02.2020; ;39; ; ; ; 
17.02.2020; ;39; ; ; ; 
18.02.2020; ;20; ; ; ; 
19.02.2020; ;19; ; ; ; 
20.02.2020; ;29; ; ; ; 
21.02.2020; ;30; ; ; ; 
22.02.2020; ;26; ; ; ; 
23.02.2020; ;8;20;31;2;7
31.12.2018; ;23;20;15;2;6
01.04.2018; ;25; ; ; ; 
02.04.2018; ;26; ; ; ; 
03.04.2018; ;41; ; ; ; 
04.04.2018; ;52; ; ; ; 
05.04.2018; ;38; ; ; ; 
06.04.2018; ;30; ; ; ; 
07.04.2018; ;42; ; ; ; 
08.04.2018; ;36; ; ; ; 
09.04.2018; ;41; ; ; ; 
10.04.2018; ;50; ; ; ; 
11.04.2018; ;48; ; ; ; 
12.04.2018; ;61; ; ; ; 
13.04.2018; ;54; ; ; ; 
14.04.2018; ;31; ; ; ; 
15.04.2018; ;33; ; ; ; 
16.04.2018; ;51; ; ; ; 
17.04.2018; ;32; ; ; ; 
18.04.2018; ;37; ; ; ; 
19.04.2018; ;39; ; ; ; 
21.04.2018; ;26; ; ; ; 
22.04.2018; ;21; ; ; ; 
23.04.2018; ;36; ; ; ; 
24.04.2018; ;38; ; ; ; 
25.04.2018; ;38; ; ; ; 
26.04.2018; ;25; ; ; ; 
27.04.2018; ;26; ; ; ; 
28.04.2018; ;31; ; ; ; 
29.04.2018; ;32; ; ; ; 
30.04.2018; ;37; ; ; ; 
01.05.2018; ;24; ; ; ; 
02.05.2018; ;37; ; ; ; 
03.05.2018; ;34; ; ; ; 
04.05.2018; ;27; ; ; ; 
05.05.2018; ;20; ; ; ; 
06.05.2018; ;18; ; ; ; 
07.05.2018; ;28; ; ; ; 
08.05.2018; ;27; ; ; ; 
09.05.2018; ;30; ; ; ; 
10.05.2018; ;36; ; ; ; 
11.05.2018; ;32; ; ; ; 
12.05.2018; ;28; ; ; ; 
13.05.2018; ;22; ; ; ; 
14.05.2018; ;26;27;31; ;5
26.05.2018; ;22;50;26;1;4
27.05.2018; ;23;53;28;1;4
01.01.2018; ;58; ; ; ; 
02.01.2018; ;60; ; ; ; 
03.01.2018; ;23; ; ; ; 
04.01.2018; ;20; ; ; ; 
05.01.2018; ;30; ; ; ; 
06.01.2018; ;60; ; ; ; 
07.01.2018; ;37; ; ; ; 
08.01.2018; ;21; ; ; ; 
09.01.2018; ;34; ; ; ; 
10.01.2018; ;47; ; ; ; 
11.01.2018; ;46; ; ; ; 
12.01.2018; ;29; ; ; ; 
13.01.2018; ;23; ; ; ; 
14.01.2018; ;22; ; ; ; 
15.01.2018; ;58; ; ; ; 
16.01.2018; ;48; ; ; ; 
17.01.2018; ;19; ; ; ; 
18.01.2018; ;21; ; ; ; 
19.01.2018; ;25; ; ; ; 
20.01.2018; ;64; ; ; ; 
21.01.2018; ;55; ; ; ; 
22.01.2018; ;49; ; ; ; 
23.01.2018; ;60; ; ; ; 
24.01.2018; ;76; ; ; ; 
25.01.2018; ;78; ; ; ; 
26.01.2018; ;115; ; ; ; 
27.01.2018; ;105; ; ; ; 
28.01.2018; ;41; ; ; ; 
29.01.2018; ;13; ; ; ; 
30.01.2018; ;13; ; ; ; 
31.01.2018; ;49; ; ; ; 
01.02.2018; ;63; ; ; ; 
02.02.2018; ;35; ; ; ; 
03.02.2018; ;76; ; ; ; 
04.02.2018; ;56; ; ; ; 
05.02.2018; ;25; ; ; ; 
06.02.2018; ;64; ; ; ; 
07.02.2018; ;66; ; ; ; 
08.02.2018; ;63; ; ; ; 
09.02.2018; ;76; ; ; ; 
10.02.2018; ;70; ; ; ; 
11.02.2018; ;60; ; ; ; 
12.02.2018; ;75; ; ; ; 
13.02.2018; ;75; ; ; ; 
14.02.2018; ;37; ; ; ; 
15.02.2018; ;47; ; ; ; 
16.02.2018; ;65; ; ; ; 
17.02.2018; ;65; ; ; ; 
18.02.2018; ;40; ; ; ; 
19.02.2018; ;35; ; ; ; 
20.02.2018; ;54; ; ; ; 
21.02.2018; ;47; ; ; ; 
22.02.2018; ;34; ; ; ; 
23.02.2018; ;38; ; ; ; 
24.02.2018; ;39; ; ; ; 
25.02.2018; ;34; ; ; ; 
26.02.2018; ;48; ; ; ; 
27.02.2018; ;35; ; ; ; 
28.02.2018; ;39; ; ; ; 
01.03.2018; ;72; ; ; ; 
02.03.2018; ;69; ; ; ; 
03.03.2018; ;72; ; ; ; 
04.03.2018; ;103; ; ; ; 
05.03.2018; ;95; ; ; ; 
06.03.2018; ;70; ; ; ; 
07.03.2018; ;67; ; ; ; 
08.03.2018; ;55; ; ; ; 
09.03.2018; ;49; ; ; ; 
12.03.2018; ;28; ; ; ; 
13.03.2018; ;29; ; ; ; 
14.03.2018; ;42; ; ; ; 
15.03.2018; ;38; ; ; ; 
16.03.2018; ;33; ; ; ; 
17.03.2018; ;18; ; ; ; 
18.03.2018; ;24; ; ; ; 
19.03.2018; ;26; ; ; ; 
20.03.2018; ;41; ; ; ; 
21.03.2018; ;44; ; ; ; 
22.03.2018; ;59; ; ; ; 
23.03.2018; ;81; ; ; ; 
24.03.2018; ;66; ; ; ; 
25.03.2018; ;58; ; ; ; 
26.03.2018; ;64; ; ; ; 
27.03.2018; ;50; ; ; ; 
28.03.2018; ;44; ; ; ; 
29.03.2018; ;47; ; ; ; 
30.03.2018; ;41; ; ; ; 
31.03.2018; ;27; ; ; ; 
01.10.2017; ;40; ; ; ; 
02.10.2017; ;47; ; ; ; 
03.10.2017; ;36; ; ; ; 
04.10.2017; ;20; ; ; ; 
05.10.2017; ;16; ; ; ; 
06.10.2017; ;11; ; ; ; 
07.10.2017; ;12; ; ; ; 
09.10.2017; ;26; ; ; ; 
10.10.2017; ;21; ; ; ; 
11.10.2017; ;13; ; ; ; 
12.10.2017; ;38; ; ; ; 
13.10.2017; ;31; ; ; ; 
14.10.2017; ;42; ; ; ; 
15.10.2017; ;30; ; ; ; 
16.10.2017; ;43; ; ; ; 
17.10.2017; ;53; ; ; ; 
18.10.2017; ;66; ; ; ; 
19.10.2017; ;63; ; ; ; 
20.10.2017; ;67; ; ; ; 
21.10.2017; ;52; ; ; ; 
22.10.2017; ;39; ; ; ; 
23.10.2017; ;22; ; ; ; 
24.10.2017; ;22; ; ; ; 
25.10.2017; ;39; ; ; ; 
26.10.2017; ;30; ; ; ; 
27.10.2017; ;20; ; ; ; 
28.10.2017; ;13; ; ; ; 
29.10.2017; ;8; ; ; ; 
30.10.2017; ;15; ; ; ; 
31.10.2017; ;30; ; ; ; 
01.11.2017; ;17; ; ; ; 
02.11.2017; ;20; ; ; ; 
03.11.2017; ;33; ; ; ; 
04.11.2017; ;51; ; ; ; 
05.11.2017; ;37; ; ; ; 
06.11.2017; ;66; ; ; ; 
07.11.2017; ;40; ; ; ; 
08.11.2017; ;37; ; ; ; 
09.11.2017; ;61; ; ; ; 
10.11.2017; ;33; ; ; ; 
11.11.2017; ;13; ; ; ; 
12.11.2017; ;16; ; ; ; 
13.11.2017; ;26; ; ; ; 
14.11.2017; ;42; ; ; ; 
15.11.2017; ;82; ; ; ; 
16.11.2017; ;73; ; ; ; 
17.11.2017; ;62; ; ; ; 
18.11.2017; ;44; ; ; ; 
19.11.2017; ;17; ; ; ; 
20.11.2017; ;18; ; ; ; 
21.11.2017; ;28; ; ; ; 
22.11.2017; ;50; ; ; ; 
23.11.2017; ;67; ; ; ; 
24.11.2017; ;77; ; ; ; 
25.11.2017; ;58; ; ; ; 
26.11.2017; ;27; ; ; ; 
27.11.2017; ;55; ; ; ; 
28.11.2017; ;65; ; ; ; 
29.11.2017; ;70; ; ; ; 
30.11.2017; ;40; ; ; ; 
01.12.2017; ;42; ; ; ; 
02.12.2017; ;75; ; ; ; 
03.12.2017; ;41; ; ; ; 
04.12.2017; ;29; ; ; ; 
05.12.2017; ;23; ; ; ; 
06.12.2017; ;22; ; ; ; 
07.12.2017; ;39; ; ; ; 
08.12.2017; ;43; ; ; ; 
09.12.2017; ;41; ; ; ; 
10.12.2017; ;15; ; ; ; 
11.12.2017; ;23; ; ; ; 
12.12.2017; ;21; ; ; ; 
13.12.2017; ;47; ; ; ; 
14.12.2017; ;41; ; ; ; 
15.12.2017; ;40; ; ; ; 
16.12.2017; ;66; ; ; ; 
17.12.2017; ;69; ; ; ; 
18.12.2017; ;56; ; ; ; 
19.12.2017; ;51; ; ; ; 
20.12.2017; ;66; ; ; ; 
21.12.2017; ;44; ; ; ; 
22.12.2017; ;26; ; ; ; 
23.12.2017; ;19; ; ; ; 
24.12.2017; ;13; ; ; ; 
25.12.2017; ;24; ; ; ; 
26.12.2017; ;71; ; ; ; 
27.12.2017; ;50; ; ; ; 
28.12.2017; ;35; ; ; ; 
29.12.2017; ;32; ; ; ; 
30.12.2017; ;43; ; ; ; 
31.12.2017; ;76; ; ; ; 
01.07.2017; ;10; ; ; ; 
02.07.2017; ;7; ; ; ; 
03.07.2017; ;14; ; ; ; 
04.07.2017; ;18; ; ; ; 
05.07.2017; ;16; ; ; ; 
06.07.2017; ;14; ; ; ; 
07.07.2017; ;17; ; ; ; 
08.07.2017; ;16; ; ; ; 
09.07.2017; ;15; ; ; ; 
10.07.2017; ;21; ; ; ; 
11.07.2017; ;13; ; ; ; 
12.07.2017; ;17; ; ; ; 
13.07.2017; ;12; ; ; ; 
14.07.2017; ;20; ; ; ; 
15.07.2017; ;15; ; ; ; 
16.07.2017; ;17; ; ; ; 
17.07.2017; ;18; ; ; ; 
18.07.2017; ;23; ; ; ; 
19.07.2017; ;26; ; ; ; 
20.07.2017; ;26; ; ; ; 
21.07.2017; ;18; ; ; ; 
22.07.2017; ;15; ; ; ; 
23.07.2017; ;12; ; ; ; 
24.07.2017; ;14; ; ; ; 
25.07.2017; ;14; ; ; ; 
26.07.2017; ;10; ; ; ; 
27.07.2017; ;12; ; ; ; 
28.07.2017; ;11; ; ; ; 
29.07.2017; ;19; ; ; ; 
30.07.2017; ;15; ; ; ; 
31.07.2017; ;24; ; ; ; 
01.08.2017; ;27; ; ; ; 
02.08.2017; ;37; ; ; ; 
03.08.2017; ;32; ; ; ; 
04.08.2017; ;27; ; ; ; 
05.08.2017; ;22; ; ; ; 
06.08.2017; ;17; ; ; ; 
07.08.2017; ;13; ; ; ; 
08.08.2017; ;21; ; ; ; 
09.08.2017; ;27; ; ; ; 
10.08.2017; ;45; ; ; ; 
11.08.2017; ;36; ; ; ; 
12.08.2017; ;15; ; ; ; 
13.08.2017; ;12; ; ; ; 
14.08.2017; ;21; ; ; ; 
15.08.2017; ;14; ; ; ; 
16.08.2017; ;22; ; ; ; 
17.08.2017; ;22; ; ; ; 
18.08.2017; ;28; ; ; ; 
19.08.2017; ;21; ; ; ; 
20.08.2017; ;6; ; ; ; 
21.08.2017; ;14; ; ; ; 
22.08.2017; ;16; ; ; ; 
23.08.2017; ;19; ; ; ; 
24.08.2017; ;25; ; ; ; 
25.08.2017; ;33; ; ; ; 
26.08.2017; ;34; ; ; ; 
27.08.2017; ;24; ; ; ; 
28.08.2017; ;15; ; ; ; 
29.08.2017; ;20; ; ; ; 
30.08.2017; ;26; ; ; ; 
31.08.2017; ;33; ; ; ; 
01.09.2017; ;30; ; ; ; 
02.09.2017; ;7; ; ; ; 
03.09.2017; ;6; ; ; ; 
04.09.2017; ;14; ; ; ; 
05.09.2017; ;14; ; ; ; 
10.09.2017; ;25; ; ; ; 
11.09.2017; ;24; ; ; ; 
12.09.2017; ;9; ; ; ; 
13.09.2017; ;11; ; ; ; 
14.09.2017; ;8; ; ; ; 
15.09.2017; ;12; ; ; ; 
16.09.2017; ;19; ; ; ; 
17.09.2017; ;13; ; ; ; 
18.09.2017; ;20; ; ; ; 
19.09.2017; ;27; ; ; ; 
20.09.2017; ;8; ; ; ; 
21.09.2017; ;11; ; ; ; 
22.09.2017; ;15; ; ; ; 
23.09.2017; ;16; ; ; ; 
24.09.2017; ;13; ; ; ; 
25.09.2017; ;18; ; ; ; 
26.09.2017; ;31; ; ; ; 
27.09.2017; ;32; ; ; ; 
28.09.2017; ;30; ; ; ; 
29.09.2017; ;53; ; ; ; 
30.09.2017; ;48; ; ; ; 
01.04.2017; ;41; ; ; ; 
02.04.2017; ;37; ; ; ; 
03.04.2017; ;26; ; ; ; 
04.04.2017; ;29; ; ; ; 
05.04.2017; ;34; ; ; ; 
06.04.2017; ;15; ; ; ; 
07.04.2017; ;17; ; ; ; 
08.04.2017; ;14; ; ; ; 
09.04.2017; ;32; ; ; ; 
10.04.2017; ;35; ; ; ; 
11.04.2017; ;20; ; ; ; 
12.04.2017; ;24; ; ; ; 
13.04.2017; ;14; ; ; ; 
14.04.2017; ;21; ; ; ; 
15.04.2017; ;31; ; ; ; 
16.04.2017; ;13; ; ; ; 
17.04.2017; ;17; ; ; ; 
18.04.2017; ;9; ; ; ; 
19.04.2017; ;13; ; ; ; 
20.04.2017; ;14; ; ; ; 
21.04.2017; ;33; ; ; ; 
22.04.2017; ;19; ; ; ; 
23.04.2017; ;16; ; ; ; 
24.04.2017; ;19; ; ; ; 
25.04.2017; ;28; ; ; ; 
26.04.2017; ;17; ; ; ; 
27.04.2017; ;11; ; ; ; 
28.04.2017; ;13; ; ; ; 
29.04.2017; ;27; ; ; ; 
30.04.2017; ;29; ; ; ; 
01.05.2017; ;21; ; ; ; 
02.05.2017; ;21; ; ; ; 
03.05.2017; ;25; ; ; ; 
04.05.2017; ;24; ; ; ; 
05.05.2017; ;22; ; ; ; 
06.05.2017; ;23; ; ; ; 
07.05.2017; ;26; ; ; ; 
08.05.2017; ;17; ; ; ; 
09.05.2017; ;11; ; ; ; 
10.05.2017; ;25; ; ; ; 
11.05.2017; ;31; ; ; ; 
12.05.2017; ;21; ; ; ; 
13.05.2017; ;24; ; ; ; 
14.05.2017; ;22; ; ; ; 
15.05.2017; ;24; ; ; ; 
16.05.2017; ;27; ; ; ; 
17.05.2017; ;28; ; ; ; 
18.05.2017; ;27; ; ; ; 
19.05.2017; ;26; ; ; ; 
20.05.2017; ;30; ; ; ; 
21.05.2017; ;18; ; ; ; 
22.05.2017; ;16; ; ; ; 
23.05.2017; ;25; ; ; ; 
24.05.2017; ;16; ; ; ; 
25.05.2017; ;15; ; ; ; 
26.05.2017; ;25; ; ; ; 
27.05.2017; ;17; ; ; ; 
28.05.2017; ;16; ; ; ; 
29.05.2017; ;30; ; ; ; 
30.05.2017; ;24; ; ; ; 
31.05.2017; ;17; ; ; ; 
01.06.2017; ;20; ; ; ; 
02.06.2017; ;24; ; ; ; 
03.06.2017; ;22; ; ; ; 
04.06.2017; ;15; ; ; ; 
05.06.2017; ;13; ; ; ; 
06.06.2017; ;22; ; ; ; 
07.06.2017; ;17; ; ; ; 
08.06.2017; ;18; ; ; ; 
09.06.2017; ;21; ; ; ; 
10.06.2017; ;19; ; ; ; 
11.06.2017; ;16; ; ; ; 
12.06.2017; ;19; ; ; ; 
13.06.2017; ;20; ; ; ; 
14.06.2017; ;19; ; ; ; 
15.06.2017; ;18; ; ; ; 
16.06.2017; ;14; ; ; ; 
17.06.2017; ;8; ; ; ; 
18.06.2017; ;12; ; ; ; 
19.06.2017; ;21; ; ; ; 
20.06.2017; ;22; ; ; ; 
21.06.2017; ;17; ; ; ; 
22.06.2017; ;26; ; ; ; 
23.06.2017; ;19; ; ; ; 
24.06.2017; ;22; ; ; ; 
25.06.2017; ;21; ; ; ; 
26.06.2017; ;15; ; ; ; 
27.06.2017; ;16; ; ; ; 
28.06.2017; ;24; ; ; ; 
29.06.2017; ;14; ; ; ; 
30.06.2017; ;9; ; ; ; 
02.01.2017; ;48; ; ; ; 
03.01.2017; ;27; ; ; ; 
04.01.2017; ;10; ; ; ; 
05.01.2017; ;16; ; ; ; 
06.01.2017; ;28; ; ; ; 
07.01.2017; ;91; ; ; ; 
08.01.2017; ;123; ; ; ; 
09.01.2017; ;111; ; ; ; 
10.01.2017; ;95; ; ; ; 
11.01.2017; ;150; ; ; ; 
12.01.2017; ;33; ; ; ; 
13.01.2017; ;30; ; ; ; 
14.01.2017; ;26; ; ; ; 
15.01.2017; ;33; ; ; ; 
16.01.2017; ;56; ; ; ; 
17.01.2017; ;53; ; ; ; 
18.01.2017; ;36; ; ; ; 
19.01.2017; ;62; ; ; ; 
20.01.2017; ;92; ; ; ; 
21.01.2017; ;67; ; ; ; 
22.01.2017; ;49; ; ; ; 
23.01.2017; ;97; ; ; ; 
24.01.2017; ;70; ; ; ; 
25.01.2017; ;104; ; ; ; 
26.01.2017; ;77; ; ; ; 
27.01.2017; ;129; ; ; ; 
28.01.2017; ;133; ; ; ; 
29.01.2017; ;126; ; ; ; 
30.01.2017; ;172; ; ; ; 
31.01.2017; ;126; ; ; ; 
01.02.2017; ;99; ; ; ; 
02.02.2017; ;83; ; ; ; 
03.02.2017; ;91; ; ; ; 
04.02.2017; ;54; ; ; ; 
05.02.2017; ;60; ; ; ; 
06.02.2017; ;57; ; ; ; 
07.02.2017; ;34; ; ; ; 
08.02.2017; ;32; ; ; ; 
09.02.2017; ;46; ; ; ; 
10.02.2017; ;50; ; ; ; 
11.02.2017; ;48; ; ; ; 
12.02.2017; ;41; ; ; ; 
13.02.2017; ;50; ; ; ; 
14.02.2017; ;89; ; ; ; 
15.02.2017; ;127; ; ; ; 
16.02.2017; ;94; ; ; ; 
17.02.2017; ;78; ; ; ; 
18.02.2017; ;58; ; ; ; 
19.02.2017; ;55; ; ; ; 
20.02.2017; ;41; ; ; ; 
21.02.2017; ;11; ; ; ; 
22.02.2017; ;13; ; ; ; 
23.02.2017; ;15; ; ; ; 
24.02.2017; ;11; ; ; ; 
25.02.2017; ;27; ; ; ; 
26.02.2017; ;33; ; ; ; 
27.02.2017; ;40; ; ; ; 
28.02.2017; ;39; ; ; ; 
01.03.2017; ;21; ; ; ; 
02.03.2017; ;30; ; ; ; 
03.03.2017; ;31; ; ; ; 
04.03.2017; ;37; ; ; ; 
05.03.2017; ;17; ; ; ; 
06.03.2017; ;21; ; ; ; 
07.03.2017; ;41; ; ; ; 
08.03.2017; ;36; ; ; ; 
09.03.2017; ;47; ; ; ; 
10.03.2017; ;42; ; ; ; 
11.03.2017; ;26; ; ; ; 
12.03.2017; ;25; ; ; ; 
13.03.2017; ;35; ; ; ; 
14.03.2017; ;74; ; ; ; 
15.03.2017; ;61; ; ; ; 
16.03.2017; ;37; ; ; ; 
17.03.2017; ;41; ; ; ; 
18.03.2017; ;13; ; ; ; 
19.03.2017; ;11; ; ; ; 
20.03.2017; ;23; ; ; ; 
21.03.2017; ;44; ; ; ; 
22.03.2017; ;37; ; ; ; 
23.03.2017; ;20; ; ; ; 
24.03.2017; ;47; ; ; ; 
25.03.2017; ;45; ; ; ; 
26.03.2017; ;18; ; ; ; 
27.03.2017; ;47; ; ; ; 
28.03.2017; ;51; ; ; ; 
29.03.2017; ;81; ; ; ; 
30.03.2017; ;32; ; ; ; 
31.03.2017; ;52; ; ; ; 
01.10.2016; ;40; ; ; ; 
02.10.2016; ;32; ; ; ; 
03.10.2016; ;12; ; ; ; 
04.10.2016; ;13; ; ; ; 
05.10.2016; ;9; ; ; ; 
06.10.2016; ;20; ; ; ; 
07.10.2016; ;35; ; ; ; 
08.10.2016; ;41; ; ; ; 
09.10.2016; ;39; ; ; ; 
10.10.2016; ;31; ; ; ; 
11.10.2016; ;27; ; ; ; 
12.10.2016; ;14; ; ; ; 
13.10.2016; ;20; ; ; ; 
14.10.2016; ;34; ; ; ; 
15.10.2016; ;23; ; ; ; 
16.10.2016; ;25; ; ; ; 
17.10.2016; ;23; ; ; ; 
18.10.2016; ;39; ; ; ; 
19.10.2016; ;42; ; ; ; 
20.10.2016; ;41; ; ; ; 
21.10.2016; ;40; ; ; ; 
22.10.2016; ;46; ; ; ; 
23.10.2016; ;43; ; ; ; 
24.10.2016; ;52; ; ; ; 
25.10.2016; ;44; ; ; ; 
26.10.2016; ;33; ; ; ; 
27.10.2016; ;46; ; ; ; 
28.10.2016; ;54; ; ; ; 
29.10.2016; ;20; ; ; ; 
30.10.2016; ;20; ; ; ; 
31.10.2016; ;31; ; ; ; 
01.11.2016; ;33; ; ; ; 
02.11.2016; ;22; ; ; ; 
03.11.2016; ;21; ; ; ; 
04.11.2016; ;55; ; ; ; 
05.11.2016; ;43; ; ; ; 
06.11.2016; ;34; ; ; ; 
07.11.2016; ;37; ; ; ; 
08.11.2016; ;49; ; ; ; 
09.11.2016; ;77; ; ; ; 
10.11.2016; ;64; ; ; ; 
11.11.2016; ;31; ; ; ; 
12.11.2016; ;35; ; ; ; 
13.11.2016; ;31; ; ; ; 
14.11.2016; ;44; ; ; ; 
15.11.2016; ;73; ; ; ; 
16.11.2016; ;30; ; ; ; 
17.11.2016; ;45; ; ; ; 
18.11.2016; ;54; ; ; ; 
19.11.2016; ;55; ; ; ; 
20.11.2016; ;39; ; ; ; 
21.11.2016; ;44; ; ; ; 
22.11.2016; ;57; ; ; ; 
23.11.2016; ;72; ; ; ; 
24.11.2016; ;99; ; ; ; 
25.11.2016; ;53; ; ; ; 
26.11.2016; ;58; ; ; ; 
27.11.2016; ;25; ; ; ; 
28.11.2016; ;19; ; ; ; 
29.11.2016; ;27; ; ; ; 
30.11.2016; ;31; ; ; ; 
01.12.2016; ;17; ; ; ; 
02.12.2016; ;17; ; ; ; 
03.12.2016; ;25; ; ; ; 
04.12.2016; ;58; ; ; ; 
05.12.2016; ;88; ; ; ; 
06.12.2016; ;48; ; ; ; 
07.12.2016; ;58; ; ; ; 
08.12.2016; ;38; ; ; ; 
09.12.2016; ;27; ; ; ; 
10.12.2016; ;21; ; ; ; 
11.12.2016; ;17; ; ; ; 
12.12.2016; ;15; ; ; ; 
13.12.2016; ;55; ; ; ; 
14.12.2016; ;47; ; ; ; 
15.12.2016; ;26; ; ; ; 
16.12.2016; ;60; ; ; ; 
17.12.2016; ;82; ; ; ; 
18.12.2016; ;55; ; ; ; 
19.12.2016; ;64; ; ; ; 
20.12.2016; ;65; ; ; ; 
21.12.2016; ;80; ; ; ; 
22.12.2016; ;56; ; ; ; 
23.12.2016; ;47; ; ; ; 
24.12.2016; ;41; ; ; ; 
25.12.2016; ;16; ; ; ; 
26.12.2016; ;13; ; ; ; 
27.12.2016; ;14; ; ; ; 
28.12.2016; ;14; ; ; ; 
29.12.2016; ;30; ; ; ; 
30.12.2016; ;79; ; ; ; 
31.12.2016; ;83; ; ; ; 
01.07.2016; ;22; ; ; ; 
02.07.2016; ;20; ; ; ; 
03.07.2016; ;12; ; ; ; 
04.07.2016; ;20; ; ; ; 
05.07.2016; ;23; ; ; ; 
06.07.2016; ;20; ; ; ; 
07.07.2016; ;19; ; ; ; 
08.07.2016; ;26; ; ; ; 
09.07.2016; ;21; ; ; ; 
10.07.2016; ;16; ; ; ; 
11.07.2016; ;27; ; ; ; 
12.07.2016; ;27; ; ; ; 
13.07.2016; ;15; ; ; ; 
14.07.2016; ;13; ; ; ; 
15.07.2016; ;14; ; ; ; 
16.07.2016; ;12; ; ; ; 
17.07.2016; ;17; ; ; ; 
18.07.2016; ;23; ; ; ; 
19.07.2016; ;20; ; ; ; 
20.07.2016; ;21; ; ; ; 
21.07.2016; ;28; ; ; ; 
22.07.2016; ;26; ; ; ; 
23.07.2016; ;26; ; ; ; 
24.07.2016; ;23; ; ; ; 
25.07.2016; ;25; ; ; ; 
26.07.2016; ;31; ; ; ; 
27.07.2016; ;25; ; ; ; 
28.07.2016; ;29; ; ; ; 
29.07.2016; ;23; ; ; ; 
30.07.2016; ;18; ; ; ; 
31.07.2016; ;17; ; ; ; 
01.08.2016; ;13; ; ; ; 
02.08.2016; ;23; ; ; ; 
03.08.2016; ;23; ; ; ; 
04.08.2016; ;24; ; ; ; 
05.08.2016; ;28; ; ; ; 
06.08.2016; ;10; ; ; ; 
07.08.2016; ;22; ; ; ; 
08.08.2016; ;20; ; ; ; 
09.08.2016; ;26; ; ; ; 
10.08.2016; ;10; ; ; ; 
11.08.2016; ;21; ; ; ; 
12.08.2016; ;23; ; ; ; 
13.08.2016; ;19; ; ; ; 
14.08.2016; ;20; ; ; ; 
15.08.2016; ;16; ; ; ; 
16.08.2016; ;25; ; ; ; 
17.08.2016; ;26; ; ; ; 
18.08.2016; ;27; ; ; ; 
19.08.2016; ;32; ; ; ; 
20.08.2016; ;30; ; ; ; 
21.08.2016; ;22; ; ; ; 
22.08.2016; ;24; ; ; ; 
23.08.2016; ;21; ; ; ; 
24.08.2016; ;17; ; ; ; 
25.08.2016; ;23; ; ; ; 
26.08.2016; ;29; ; ; ; 
27.08.2016; ;33; ; ; ; 
28.08.2016; ;30; ; ; ; 
29.08.2016; ;34; ; ; ; 
30.08.2016; ;24; ; ; ; 
31.08.2016; ;29; ; ; ; 
01.09.2016; ;37; ; ; ; 
02.09.2016; ;43; ; ; ; 
03.09.2016; ;43; ; ; ; 
04.09.2016; ;26; ; ; ; 
05.09.2016; ;12; ; ; ; 
06.09.2016; ;16; ; ; ; 
07.09.2016; ;31; ; ; ; 
08.09.2016; ;30; ; ; ; 
09.09.2016; ;37; ; ; ; 
10.09.2016; ;41; ; ; ; 
11.09.2016; ;35; ; ; ; 
12.09.2016; ;44; ; ; ; 
13.09.2016; ;46; ; ; ; 
14.09.2016; ;34; ; ; ; 
15.09.2016; ;38; ; ; ; 
16.09.2016; ;47; ; ; ; 
17.09.2016; ;40; ; ; ; 
18.09.2016; ;35; ; ; ; 
19.09.2016; ;26; ; ; ; 
20.09.2016; ;24; ; ; ; 
21.09.2016; ;29; ; ; ; 
22.09.2016; ;33; ; ; ; 
23.09.2016; ;37; ; ; ; 
24.09.2016; ;42; ; ; ; 
25.09.2016; ;30; ; ; ; 
26.09.2016; ;30; ; ; ; 
27.09.2016; ;39; ; ; ; 
28.09.2016; ;44; ; ; ; 
29.09.2016; ;28; ; ; ; 
30.09.2016; ;34; ; ; ; 
01.04.2016; ;25; ; ; ; 
02.04.2016; ;37; ; ; ; 
03.04.2016; ;33; ; ; ; 
04.04.2016; ;50; ; ; ; 
05.04.2016; ;63; ; ; ; 
06.04.2016; ;51; ; ; ; 
07.04.2016; ;43; ; ; ; 
08.04.2016; ;31; ; ; ; 
09.04.2016; ;25; ; ; ; 
10.04.2016; ;39; ; ; ; 
11.04.2016; ;52; ; ; ; 
12.04.2016; ;58; ; ; ; 
13.04.2016; ;50; ; ; ; 
14.04.2016; ;48; ; ; ; 
15.04.2016; ;25; ; ; ; 
16.04.2016; ;27; ; ; ; 
17.04.2016; ;28; ; ; ; 
18.04.2016; ;19; ; ; ; 
19.04.2016; ;42; ; ; ; 
20.04.2016; ;25; ; ; ; 
21.04.2016; ;37; ; ; ; 
22.04.2016; ;45; ; ; ; 
23.04.2016; ;34; ; ; ; 
24.04.2016; ;20; ; ; ; 
25.04.2016; ;27; ; ; ; 
26.04.2016; ;36; ; ; ; 
27.04.2016; ;20; ; ; ; 
28.04.2016; ;15; ; ; ; 
29.04.2016; ;28; ; ; ; 
30.04.2016; ;29; ; ; ; 
01.05.2016; ;24; ; ; ; 
02.05.2016; ;18; ; ; ; 
03.05.2016; ;18; ; ; ; 
04.05.2016; ;32; ; ; ; 
05.05.2016; ;30; ; ; ; 
06.05.2016; ;29; ; ; ; 
07.05.2016; ;26; ; ; ; 
08.05.2016; ;12; ; ; ; 
09.05.2016; ;21; ; ; ; 
10.05.2016; ;22; ; ; ; 
11.05.2016; ;29; ; ; ; 
12.05.2016; ;23; ; ; ; 
13.05.2016; ;17; ; ; ; 
14.05.2016; ;21; ; ; ; 
15.05.2016; ;18; ; ; ; 
16.05.2016; ;21; ; ; ; 
17.05.2016; ;22; ; ; ; 
18.05.2016; ;28; ; ; ; 
19.05.2016; ;37; ; ; ; 
20.05.2016; ;34; ; ; ; 
21.05.2016; ;36; ; ; ; 
22.05.2016; ;31; ; ; ; 
24.05.2016; ;23; ; ; ; 
25.05.2016; ;27; ; ; ; 
26.05.2016; ;30; ; ; ; 
27.05.2016; ;35; ; ; ; 
28.05.2016; ;15; ; ; ; 
29.05.2016; ;22; ; ; ; 
30.05.2016; ;22; ; ; ; 
31.05.2016; ;28; ; ; ; 
01.06.2016; ;16; ; ; ; 
02.06.2016; ;18; ; ; ; 
03.06.2016; ;24; ; ; ; 
04.06.2016; ;26; ; ; ; 
05.06.2016; ;24; ; ; ; 
06.06.2016; ;14; ; ; ; 
07.06.2016; ;16; ; ; ; 
08.06.2016; ;27; ; ; ; 
09.06.2016; ;38; ; ; ; 
10.06.2016; ;27; ; ; ; 
11.06.2016; ;24; ; ; ; 
12.06.2016; ;24; ; ; ; 
13.06.2016; ;21; ; ; ; 
14.06.2016; ;24; ; ; ; 
15.06.2016; ;21; ; ; ; 
16.06.2016; ;15; ; ; ; 
17.06.2016; ;29; ; ; ; 
18.06.2016; ;11; ; ; ; 
19.06.2016; ;21; ; ; ; 
21.06.2016; ;17; ; ; ; 
22.06.2016; ;31; ; ; ; 
23.06.2016; ;34; ; ; ; 
24.06.2016; ;40; ; ; ; 
25.06.2016; ;35; ; ; ; 
26.06.2016; ;28; ; ; ; 
27.06.2016; ;14; ; ; ; 
28.06.2016; ;24; ; ; ; 
29.06.2016; ;26; ; ; ; 
30.06.2016; ;22; ; ; ; 
06.01.2016; ;82; ; ; ; 
07.01.2016; ;80; ; ; ; 
08.01.2016; ;61; ; ; ; 
09.01.2016; ;71; ; ; ; 
10.01.2016; ;62; ; ; ; 
11.01.2016; ;67; ; ; ; 
12.01.2016; ;19; ; ; ; 
13.01.2016; ;17; ; ; ; 
14.01.2016; ;37; ; ; ; 
15.01.2016; ;51; ; ; ; 
16.01.2016; ;39; ; ; ; 
17.01.2016; ;46; ; ; ; 
18.01.2016; ;61; ; ; ; 
19.01.2016; ;73; ; ; ; 
20.01.2016; ;74; ; ; ; 
21.01.2016; ;45; ; ; ; 
22.01.2016; ;73; ; ; ; 
23.01.2016; ;145; ; ; ; 
24.01.2016; ;62; ; ; ; 
25.01.2016; ;49; ; ; ; 
26.01.2016; ;44; ; ; ; 
27.01.2016; ;39; ; ; ; 
28.01.2016; ;22; ; ; ; 
29.01.2016; ;55; ; ; ; 
30.01.2016; ;19; ; ; ; 
31.01.2016; ;14; ; ; ; 
01.02.2016; ;28; ; ; ; 
02.02.2016; ;12; ; ; ; 
03.02.2016; ;23; ; ; ; 
04.02.2016; ;23; ; ; ; 
05.02.2016; ;34; ; ; ; 
06.02.2016; ;60; ; ; ; 
07.02.2016; ;30; ; ; ; 
08.02.2016; ;22; ; ; ; 
09.02.2016; ;9; ; ; ; 
10.02.2016; ;14; ; ; ; 
11.02.2016; ;17; ; ; ; 
12.02.2016; ;33; ; ; ; 
13.02.2016; ;40; ; ; ; 
14.02.2016; ;44; ; ; ; 
15.02.2016; ;33; ; ; ; 
16.02.2016; ;27; ; ; ; 
17.02.2016; ;28; ; ; ; 
18.02.2016; ;44; ; ; ; 
19.02.2016; ;34; ; ; ; 
20.02.2016; ;34; ; ; ; 
21.02.2016; ;14; ; ; ; 
22.02.2016; ;12; ; ; ; 
23.02.2016; ;32; ; ; ; 
24.02.2016; ;32; ; ; ; 
25.02.2016; ;53; ; ; ; 
26.02.2016; ;51; ; ; ; 
27.02.2016; ;58; ; ; ; 
28.02.2016; ;44; ; ; ; 
29.02.2016; ;33; ; ; ; 
01.03.2016; ;19; ; ; ; 
02.03.2016; ;38; ; ; ; 
03.03.2016; ;34; ; ; ; 
04.03.2016; ;49; ; ; ; 
05.03.2016; ;47; ; ; ; 
06.03.2016; ;27; ; ; ; 
07.03.2016; ;43; ; ; ; 
08.03.2016; ;32; ; ; ; 
09.03.2016; ;45; ; ; ; 
10.03.2016; ;23; ; ; ; 
11.03.2016; ;27; ; ; ; 
12.03.2016; ;18; ; ; ; 
13.03.2016; ;22; ; ; ; 
14.03.2016; ;29; ; ; ; 
15.03.2016; ;23; ; ; ; 
16.03.2016; ;48; ; ; ; 
17.03.2016; ;116; ; ; ; 
18.03.2016; ;42; ; ; ; 
19.03.2016; ;24; ; ; ; 
20.03.2016; ;46; ; ; ; 
21.03.2016; ;33; ; ; ; 
22.03.2016; ;24; ; ; ; 
23.03.2016; ;44; ; ; ; 
24.03.2016; ;35; ; ; ; 
25.03.2016; ;61; ; ; ; 
26.03.2016; ;46; ; ; ; 
27.03.2016; ;39; ; ; ; 
28.03.2016; ;35; ; ; ; 
29.03.2016; ;30; ; ; ; 
30.03.2016; ;29; ; ; ; 
31.03.2016; ;35; ; ; ; 
