Data,pm25,pm10,o3,no2,so2,co
2016-01-06,68.0,82.0,27.0,31.0,2.0,5.0
2016-01-07,68.0,80.0,27.0,31.0,2.0,5.0
2016-01-08,68.0,61.0,27.0,31.0,2.0,5.0
2016-01-09,68.0,71.0,27.0,31.0,2.0,5.0
2016-01-10,68.0,62.0,27.0,31.0,2.0,5.0
2016-01-11,68.0,67.0,27.0,31.0,2.0,5.0
2016-01-12,68.0,19.0,27.0,31.0,2.0,5.0
2016-01-13,68.0,17.0,27.0,31.0,2.0,5.0
2016-01-14,68.0,37.0,27.0,31.0,2.0,5.0
2016-01-15,68.0,51.0,27.0,31.0,2.0,5.0
2016-01-16,68.0,39.0,27.0,31.0,2.0,5.0
2016-01-17,68.0,46.0,27.0,31.0,2.0,5.0
2016-01-18,68.0,61.0,27.0,31.0,2.0,5.0
2016-01-19,68.0,73.0,27.0,31.0,2.0,5.0
2016-01-20,68.0,74.0,27.0,31.0,2.0,5.0
2016-01-21,68.0,45.0,27.0,31.0,2.0,5.0
2016-01-22,68.0,73.0,27.0,31.0,2.0,5.0
2016-01-23,68.0,145.0,27.0,31.0,2.0,5.0
2016-01-24,68.0,62.0,27.0,31.0,2.0,5.0
2016-01-25,68.0,49.0,27.0,31.0,2.0,5.0
2016-01-26,68.0,44.0,27.0,31.0,2.0,5.0
2016-01-27,68.0,39.0,27.0,31.0,2.0,5.0
2016-01-28,68.0,22.0,27.0,31.0,2.0,5.0
2016-01-29,68.0,55.0,27.0,31.0,2.0,5.0
2016-01-30,68.0,19.0,27.0,31.0,2.0,5.0
2016-01-31,68.0,14.0,27.0,31.0,2.0,5.0
2016-02-01,68.0,28.0,27.0,31.0,2.0,5.0
2016-02-02,68.0,12.0,27.0,31.0,2.0,5.0
2016-02-03,68.0,23.0,27.0,31.0,2.0,5.0
2016-02-04,68.0,23.0,27.0,31.0,2.0,5.0
2016-02-05,68.0,34.0,27.0,31.0,2.0,5.0
2016-02-06,68.0,60.0,27.0,31.0,2.0,5.0
2016-02-07,68.0,30.0,27.0,31.0,2.0,5.0
2016-02-08,68.0,22.0,27.0,31.0,2.0,5.0
2016-02-09,68.0,9.0,27.0,31.0,2.0,5.0
2016-02-10,68.0,14.0,27.0,31.0,2.0,5.0
2016-02-11,68.0,17.0,27.0,31.0,2.0,5.0
2016-02-12,68.0,33.0,27.0,31.0,2.0,5.0
2016-02-13,68.0,40.0,27.0,31.0,2.0,5.0
2016-02-14,68.0,44.0,27.0,31.0,2.0,5.0
2016-02-15,68.0,33.0,27.0,31.0,2.0,5.0
2016-02-16,68.0,27.0,27.0,31.0,2.0,5.0
2016-02-17,68.0,28.0,27.0,31.0,2.0,5.0
2016-02-18,68.0,44.0,27.0,31.0,2.0,5.0
2016-02-19,68.0,34.0,27.0,31.0,2.0,5.0
2016-02-20,68.0,34.0,27.0,31.0,2.0,5.0
2016-02-21,68.0,14.0,27.0,31.0,2.0,5.0
2016-02-22,68.0,12.0,27.0,31.0,2.0,5.0
2016-02-23,68.0,32.0,27.0,31.0,2.0,5.0
2016-02-24,68.0,32.0,27.0,31.0,2.0,5.0
2016-02-25,68.0,53.0,27.0,31.0,2.0,5.0
2016-02-26,68.0,51.0,27.0,31.0,2.0,5.0
2016-02-27,68.0,58.0,27.0,31.0,2.0,5.0
2016-02-28,68.0,44.0,27.0,31.0,2.0,5.0
2016-02-29,68.0,33.0,27.0,31.0,2.0,5.0
2016-03-01,68.0,19.0,27.0,31.0,2.0,5.0
2016-03-02,68.0,38.0,27.0,31.0,2.0,5.0
2016-03-03,68.0,34.0,27.0,31.0,2.0,5.0
2016-03-04,68.0,49.0,27.0,31.0,2.0,5.0
2016-03-05,68.0,47.0,27.0,31.0,2.0,5.0
2016-03-06,68.0,27.0,27.0,31.0,2.0,5.0
2016-03-07,68.0,43.0,27.0,31.0,2.0,5.0
2016-03-08,68.0,32.0,27.0,31.0,2.0,5.0
2016-03-09,68.0,45.0,27.0,31.0,2.0,5.0
2016-03-10,68.0,23.0,27.0,31.0,2.0,5.0
2016-03-11,68.0,27.0,27.0,31.0,2.0,5.0
2016-03-12,68.0,18.0,27.0,31.0,2.0,5.0
2016-03-13,68.0,22.0,27.0,31.0,2.0,5.0
2016-03-14,68.0,29.0,27.0,31.0,2.0,5.0
2016-03-15,68.0,23.0,27.0,31.0,2.0,5.0
2016-03-16,68.0,48.0,27.0,31.0,2.0,5.0
2016-03-17,68.0,116.0,27.0,31.0,2.0,5.0
2016-03-18,68.0,42.0,27.0,31.0,2.0,5.0
2016-03-19,68.0,24.0,27.0,31.0,2.0,5.0
2016-03-20,68.0,46.0,27.0,31.0,2.0,5.0
2016-03-21,68.0,33.0,27.0,31.0,2.0,5.0
2016-03-22,68.0,24.0,27.0,31.0,2.0,5.0
2016-03-23,68.0,44.0,27.0,31.0,2.0,5.0
2016-03-24,68.0,35.0,27.0,31.0,2.0,5.0
2016-03-25,68.0,61.0,27.0,31.0,2.0,5.0
2016-03-26,68.0,46.0,27.0,31.0,2.0,5.0
2016-03-27,68.0,39.0,27.0,31.0,2.0,5.0
2016-03-28,68.0,35.0,27.0,31.0,2.0,5.0
2016-03-29,68.0,30.0,27.0,31.0,2.0,5.0
2016-03-30,68.0,29.0,27.0,31.0,2.0,5.0
2016-03-31,68.0,35.0,27.0,31.0,2.0,5.0
2016-04-01,68.0,25.0,27.0,31.0,2.0,5.0
2016-04-02,68.0,37.0,27.0,31.0,2.0,5.0
2016-04-03,68.0,33.0,27.0,31.0,2.0,5.0
2016-04-04,68.0,50.0,27.0,31.0,2.0,5.0
2016-04-05,68.0,63.0,27.0,31.0,2.0,5.0
2016-04-06,68.0,51.0,27.0,31.0,2.0,5.0
2016-04-07,68.0,43.0,27.0,31.0,2.0,5.0
2016-04-08,68.0,31.0,27.0,31.0,2.0,5.0
2016-04-09,68.0,25.0,27.0,31.0,2.0,5.0
2016-04-10,68.0,39.0,27.0,31.0,2.0,5.0
2016-04-11,68.0,52.0,27.0,31.0,2.0,5.0
2016-04-12,68.0,58.0,27.0,31.0,2.0,5.0
2016-04-13,68.0,50.0,27.0,31.0,2.0,5.0
2016-04-14,68.0,48.0,27.0,31.0,2.0,5.0
2016-04-15,68.0,25.0,27.0,31.0,2.0,5.0
2016-04-16,68.0,27.0,27.0,31.0,2.0,5.0
2016-04-17,68.0,28.0,27.0,31.0,2.0,5.0
2016-04-18,68.0,19.0,27.0,31.0,2.0,5.0
2016-04-19,68.0,42.0,27.0,31.0,2.0,5.0
2016-04-20,68.0,25.0,27.0,31.0,2.0,5.0
2016-04-21,68.0,37.0,27.0,31.0,2.0,5.0
2016-04-22,68.0,45.0,27.0,31.0,2.0,5.0
2016-04-23,68.0,34.0,27.0,31.0,2.0,5.0
2016-04-24,68.0,20.0,27.0,31.0,2.0,5.0
2016-04-25,68.0,27.0,27.0,31.0,2.0,5.0
2016-04-26,68.0,36.0,27.0,31.0,2.0,5.0
2016-04-27,68.0,20.0,27.0,31.0,2.0,5.0
2016-04-28,68.0,15.0,27.0,31.0,2.0,5.0
2016-04-29,68.0,28.0,27.0,31.0,2.0,5.0
2016-04-30,68.0,29.0,27.0,31.0,2.0,5.0
2016-05-01,68.0,24.0,27.0,31.0,2.0,5.0
2016-05-02,68.0,18.0,27.0,31.0,2.0,5.0
2016-05-03,68.0,18.0,27.0,31.0,2.0,5.0
2016-05-04,68.0,32.0,27.0,31.0,2.0,5.0
2016-05-05,68.0,30.0,27.0,31.0,2.0,5.0
2016-05-06,68.0,29.0,27.0,31.0,2.0,5.0
2016-05-07,68.0,26.0,27.0,31.0,2.0,5.0
2016-05-08,68.0,12.0,27.0,31.0,2.0,5.0
2016-05-09,68.0,21.0,27.0,31.0,2.0,5.0
2016-05-10,68.0,22.0,27.0,31.0,2.0,5.0
2016-05-11,68.0,29.0,27.0,31.0,2.0,5.0
2016-05-12,68.0,23.0,27.0,31.0,2.0,5.0
2016-05-13,68.0,17.0,27.0,31.0,2.0,5.0
2016-05-14,68.0,21.0,27.0,31.0,2.0,5.0
2016-05-15,68.0,18.0,27.0,31.0,2.0,5.0
2016-05-16,68.0,21.0,27.0,31.0,2.0,5.0
2016-05-17,68.0,22.0,27.0,31.0,2.0,5.0
2016-05-18,68.0,28.0,27.0,31.0,2.0,5.0
2016-05-19,68.0,37.0,27.0,31.0,2.0,5.0
2016-05-20,68.0,34.0,27.0,31.0,2.0,5.0
2016-05-21,68.0,36.0,27.0,31.0,2.0,5.0
2016-05-22,68.0,31.0,27.0,31.0,2.0,5.0
2016-05-24,68.0,23.0,27.0,31.0,2.0,5.0
2016-05-25,68.0,27.0,27.0,31.0,2.0,5.0
2016-05-26,68.0,30.0,27.0,31.0,2.0,5.0
2016-05-27,68.0,35.0,27.0,31.0,2.0,5.0
2016-05-28,68.0,15.0,27.0,31.0,2.0,5.0
2016-05-29,68.0,22.0,27.0,31.0,2.0,5.0
2016-05-30,68.0,22.0,27.0,31.0,2.0,5.0
2016-05-31,68.0,28.0,27.0,31.0,2.0,5.0
2016-06-01,68.0,16.0,27.0,31.0,2.0,5.0
2016-06-02,68.0,18.0,27.0,31.0,2.0,5.0
2016-06-03,68.0,24.0,27.0,31.0,2.0,5.0
2016-06-04,68.0,26.0,27.0,31.0,2.0,5.0
2016-06-05,68.0,24.0,27.0,31.0,2.0,5.0
2016-06-06,68.0,14.0,27.0,31.0,2.0,5.0
2016-06-07,68.0,16.0,27.0,31.0,2.0,5.0
2016-06-08,68.0,27.0,27.0,31.0,2.0,5.0
2016-06-09,68.0,38.0,27.0,31.0,2.0,5.0
2016-06-10,68.0,27.0,27.0,31.0,2.0,5.0
2016-06-11,68.0,24.0,27.0,31.0,2.0,5.0
2016-06-12,68.0,24.0,27.0,31.0,2.0,5.0
2016-06-13,68.0,21.0,27.0,31.0,2.0,5.0
2016-06-14,68.0,24.0,27.0,31.0,2.0,5.0
2016-06-15,68.0,21.0,27.0,31.0,2.0,5.0
2016-06-16,68.0,15.0,27.0,31.0,2.0,5.0
2016-06-17,68.0,29.0,27.0,31.0,2.0,5.0
2016-06-18,68.0,11.0,27.0,31.0,2.0,5.0
2016-06-19,68.0,21.0,27.0,31.0,2.0,5.0
2016-06-21,68.0,17.0,27.0,31.0,2.0,5.0
2016-06-22,68.0,31.0,27.0,31.0,2.0,5.0
2016-06-23,68.0,34.0,27.0,31.0,2.0,5.0
2016-06-24,68.0,40.0,27.0,31.0,2.0,5.0
2016-06-25,68.0,35.0,27.0,31.0,2.0,5.0
2016-06-26,68.0,28.0,27.0,31.0,2.0,5.0
2016-06-27,68.0,14.0,27.0,31.0,2.0,5.0
2016-06-28,68.0,24.0,27.0,31.0,2.0,5.0
2016-06-29,68.0,26.0,27.0,31.0,2.0,5.0
2016-06-30,68.0,22.0,27.0,31.0,2.0,5.0
2016-07-01,68.0,22.0,27.0,31.0,2.0,5.0
2016-07-02,68.0,20.0,27.0,31.0,2.0,5.0
2016-07-03,68.0,12.0,27.0,31.0,2.0,5.0
2016-07-04,68.0,20.0,27.0,31.0,2.0,5.0
2016-07-05,68.0,23.0,27.0,31.0,2.0,5.0
2016-07-06,68.0,20.0,27.0,31.0,2.0,5.0
2016-07-07,68.0,19.0,27.0,31.0,2.0,5.0
2016-07-08,68.0,26.0,27.0,31.0,2.0,5.0
2016-07-09,68.0,21.0,27.0,31.0,2.0,5.0
2016-07-10,68.0,16.0,27.0,31.0,2.0,5.0
2016-07-11,68.0,27.0,27.0,31.0,2.0,5.0
2016-07-12,68.0,27.0,27.0,31.0,2.0,5.0
2016-07-13,68.0,15.0,27.0,31.0,2.0,5.0
2016-07-14,68.0,13.0,27.0,31.0,2.0,5.0
2016-07-15,68.0,14.0,27.0,31.0,2.0,5.0
2016-07-16,68.0,12.0,27.0,31.0,2.0,5.0
2016-07-17,68.0,17.0,27.0,31.0,2.0,5.0
2016-07-18,68.0,23.0,27.0,31.0,2.0,5.0
2016-07-19,68.0,20.0,27.0,31.0,2.0,5.0
2016-07-20,68.0,21.0,27.0,31.0,2.0,5.0
2016-07-21,68.0,28.0,27.0,31.0,2.0,5.0
2016-07-22,68.0,26.0,27.0,31.0,2.0,5.0
2016-07-23,68.0,26.0,27.0,31.0,2.0,5.0
2016-07-24,68.0,23.0,27.0,31.0,2.0,5.0
2016-07-25,68.0,25.0,27.0,31.0,2.0,5.0
2016-07-26,68.0,31.0,27.0,31.0,2.0,5.0
2016-07-27,68.0,25.0,27.0,31.0,2.0,5.0
2016-07-28,68.0,29.0,27.0,31.0,2.0,5.0
2016-07-29,68.0,23.0,27.0,31.0,2.0,5.0
2016-07-30,68.0,18.0,27.0,31.0,2.0,5.0
2016-07-31,68.0,17.0,27.0,31.0,2.0,5.0
2016-08-01,68.0,13.0,27.0,31.0,2.0,5.0
2016-08-02,68.0,23.0,27.0,31.0,2.0,5.0
2016-08-03,68.0,23.0,27.0,31.0,2.0,5.0
2016-08-04,68.0,24.0,27.0,31.0,2.0,5.0
2016-08-05,68.0,28.0,27.0,31.0,2.0,5.0
2016-08-06,68.0,10.0,27.0,31.0,2.0,5.0
2016-08-07,68.0,22.0,27.0,31.0,2.0,5.0
2016-08-08,68.0,20.0,27.0,31.0,2.0,5.0
2016-08-09,68.0,26.0,27.0,31.0,2.0,5.0
2016-08-10,68.0,10.0,27.0,31.0,2.0,5.0
2016-08-11,68.0,21.0,27.0,31.0,2.0,5.0
2016-08-12,68.0,23.0,27.0,31.0,2.0,5.0
2016-08-13,68.0,19.0,27.0,31.0,2.0,5.0
2016-08-14,68.0,20.0,27.0,31.0,2.0,5.0
2016-08-15,68.0,16.0,27.0,31.0,2.0,5.0
2016-08-16,68.0,25.0,27.0,31.0,2.0,5.0
2016-08-17,68.0,26.0,27.0,31.0,2.0,5.0
2016-08-18,68.0,27.0,27.0,31.0,2.0,5.0
2016-08-19,68.0,32.0,27.0,31.0,2.0,5.0
2016-08-20,68.0,30.0,27.0,31.0,2.0,5.0
2016-08-21,68.0,22.0,27.0,31.0,2.0,5.0
2016-08-22,68.0,24.0,27.0,31.0,2.0,5.0
2016-08-23,68.0,21.0,27.0,31.0,2.0,5.0
2016-08-24,68.0,17.0,27.0,31.0,2.0,5.0
2016-08-25,68.0,23.0,27.0,31.0,2.0,5.0
2016-08-26,68.0,29.0,27.0,31.0,2.0,5.0
2016-08-27,68.0,33.0,27.0,31.0,2.0,5.0
2016-08-28,68.0,30.0,27.0,31.0,2.0,5.0
2016-08-29,68.0,34.0,27.0,31.0,2.0,5.0
2016-08-30,68.0,24.0,27.0,31.0,2.0,5.0
2016-08-31,68.0,29.0,27.0,31.0,2.0,5.0
2016-09-01,68.0,37.0,27.0,31.0,2.0,5.0
2016-09-02,68.0,43.0,27.0,31.0,2.0,5.0
2016-09-03,68.0,43.0,27.0,31.0,2.0,5.0
2016-09-04,68.0,26.0,27.0,31.0,2.0,5.0
2016-09-05,68.0,12.0,27.0,31.0,2.0,5.0
2016-09-06,68.0,16.0,27.0,31.0,2.0,5.0
2016-09-07,68.0,31.0,27.0,31.0,2.0,5.0
2016-09-08,68.0,30.0,27.0,31.0,2.0,5.0
2016-09-09,68.0,37.0,27.0,31.0,2.0,5.0
2016-09-10,68.0,41.0,27.0,31.0,2.0,5.0
2016-09-11,68.0,35.0,27.0,31.0,2.0,5.0
2016-09-12,68.0,44.0,27.0,31.0,2.0,5.0
2016-09-13,68.0,46.0,27.0,31.0,2.0,5.0
2016-09-14,68.0,34.0,27.0,31.0,2.0,5.0
2016-09-15,68.0,38.0,27.0,31.0,2.0,5.0
2016-09-16,68.0,47.0,27.0,31.0,2.0,5.0
2016-09-17,68.0,40.0,27.0,31.0,2.0,5.0
2016-09-18,68.0,35.0,27.0,31.0,2.0,5.0
2016-09-19,68.0,26.0,27.0,31.0,2.0,5.0
2016-09-20,68.0,24.0,27.0,31.0,2.0,5.0
2016-09-21,68.0,29.0,27.0,31.0,2.0,5.0
2016-09-22,68.0,33.0,27.0,31.0,2.0,5.0
2016-09-23,68.0,37.0,27.0,31.0,2.0,5.0
2016-09-24,68.0,42.0,27.0,31.0,2.0,5.0
2016-09-25,68.0,30.0,27.0,31.0,2.0,5.0
2016-09-26,68.0,30.0,27.0,31.0,2.0,5.0
2016-09-27,68.0,39.0,27.0,31.0,2.0,5.0
2016-09-28,68.0,44.0,27.0,31.0,2.0,5.0
2016-09-29,68.0,28.0,27.0,31.0,2.0,5.0
2016-09-30,68.0,34.0,27.0,31.0,2.0,5.0
2016-10-01,68.0,40.0,27.0,31.0,2.0,5.0
2016-10-02,68.0,32.0,27.0,31.0,2.0,5.0
2016-10-03,68.0,12.0,27.0,31.0,2.0,5.0
2016-10-04,68.0,13.0,27.0,31.0,2.0,5.0
2016-10-05,68.0,9.0,27.0,31.0,2.0,5.0
2016-10-06,68.0,20.0,27.0,31.0,2.0,5.0
2016-10-07,68.0,35.0,27.0,31.0,2.0,5.0
2016-10-08,68.0,41.0,27.0,31.0,2.0,5.0
2016-10-09,68.0,39.0,27.0,31.0,2.0,5.0
2016-10-10,68.0,31.0,27.0,31.0,2.0,5.0
2016-10-11,68.0,27.0,27.0,31.0,2.0,5.0
2016-10-12,68.0,14.0,27.0,31.0,2.0,5.0
2016-10-13,68.0,20.0,27.0,31.0,2.0,5.0
2016-10-14,68.0,34.0,27.0,31.0,2.0,5.0
2016-10-15,68.0,23.0,27.0,31.0,2.0,5.0
2016-10-16,68.0,25.0,27.0,31.0,2.0,5.0
2016-10-17,68.0,23.0,27.0,31.0,2.0,5.0
2016-10-18,68.0,39.0,27.0,31.0,2.0,5.0
2016-10-19,68.0,42.0,27.0,31.0,2.0,5.0
2016-10-20,68.0,41.0,27.0,31.0,2.0,5.0
2016-10-21,68.0,40.0,27.0,31.0,2.0,5.0
2016-10-22,68.0,46.0,27.0,31.0,2.0,5.0
2016-10-23,68.0,43.0,27.0,31.0,2.0,5.0
2016-10-24,68.0,52.0,27.0,31.0,2.0,5.0
2016-10-25,68.0,44.0,27.0,31.0,2.0,5.0
2016-10-26,68.0,33.0,27.0,31.0,2.0,5.0
2016-10-27,68.0,46.0,27.0,31.0,2.0,5.0
2016-10-28,68.0,54.0,27.0,31.0,2.0,5.0
2016-10-29,68.0,20.0,27.0,31.0,2.0,5.0
2016-10-30,68.0,20.0,27.0,31.0,2.0,5.0
2016-10-31,68.0,31.0,27.0,31.0,2.0,5.0
2016-11-01,68.0,33.0,27.0,31.0,2.0,5.0
2016-11-02,68.0,22.0,27.0,31.0,2.0,5.0
2016-11-03,68.0,21.0,27.0,31.0,2.0,5.0
2016-11-04,68.0,55.0,27.0,31.0,2.0,5.0
2016-11-05,68.0,43.0,27.0,31.0,2.0,5.0
2016-11-06,68.0,34.0,27.0,31.0,2.0,5.0
2016-11-07,68.0,37.0,27.0,31.0,2.0,5.0
2016-11-08,68.0,49.0,27.0,31.0,2.0,5.0
2016-11-09,68.0,77.0,27.0,31.0,2.0,5.0
2016-11-10,68.0,64.0,27.0,31.0,2.0,5.0
2016-11-11,68.0,31.0,27.0,31.0,2.0,5.0
2016-11-12,68.0,35.0,27.0,31.0,2.0,5.0
2016-11-13,68.0,31.0,27.0,31.0,2.0,5.0
2016-11-14,68.0,44.0,27.0,31.0,2.0,5.0
2016-11-15,68.0,73.0,27.0,31.0,2.0,5.0
2016-11-16,68.0,30.0,27.0,31.0,2.0,5.0
2016-11-17,68.0,45.0,27.0,31.0,2.0,5.0
2016-11-18,68.0,54.0,27.0,31.0,2.0,5.0
2016-11-19,68.0,55.0,27.0,31.0,2.0,5.0
2016-11-20,68.0,39.0,27.0,31.0,2.0,5.0
2016-11-21,68.0,44.0,27.0,31.0,2.0,5.0
2016-11-22,68.0,57.0,27.0,31.0,2.0,5.0
2016-11-23,68.0,72.0,27.0,31.0,2.0,5.0
2016-11-24,68.0,99.0,27.0,31.0,2.0,5.0
2016-11-25,68.0,53.0,27.0,31.0,2.0,5.0
2016-11-26,68.0,58.0,27.0,31.0,2.0,5.0
2016-11-27,68.0,25.0,27.0,31.0,2.0,5.0
2016-11-28,68.0,19.0,27.0,31.0,2.0,5.0
2016-11-29,68.0,27.0,27.0,31.0,2.0,5.0
2016-11-30,68.0,31.0,27.0,31.0,2.0,5.0
2016-12-01,68.0,17.0,27.0,31.0,2.0,5.0
2016-12-02,68.0,17.0,27.0,31.0,2.0,5.0
2016-12-03,68.0,25.0,27.0,31.0,2.0,5.0
2016-12-04,68.0,58.0,27.0,31.0,2.0,5.0
2016-12-05,68.0,88.0,27.0,31.0,2.0,5.0
2016-12-06,68.0,48.0,27.0,31.0,2.0,5.0
2016-12-07,68.0,58.0,27.0,31.0,2.0,5.0
2016-12-08,68.0,38.0,27.0,31.0,2.0,5.0
2016-12-09,68.0,27.0,27.0,31.0,2.0,5.0
2016-12-10,68.0,21.0,27.0,31.0,2.0,5.0
2016-12-11,68.0,17.0,27.0,31.0,2.0,5.0
2016-12-12,68.0,15.0,27.0,31.0,2.0,5.0
2016-12-13,68.0,55.0,27.0,31.0,2.0,5.0
2016-12-14,68.0,47.0,27.0,31.0,2.0,5.0
2016-12-15,68.0,26.0,27.0,31.0,2.0,5.0
2016-12-16,68.0,60.0,27.0,31.0,2.0,5.0
2016-12-17,68.0,82.0,27.0,31.0,2.0,5.0
2016-12-18,68.0,55.0,27.0,31.0,2.0,5.0
2016-12-19,68.0,64.0,27.0,31.0,2.0,5.0
2016-12-20,68.0,65.0,27.0,31.0,2.0,5.0
2016-12-21,68.0,80.0,27.0,31.0,2.0,5.0
2016-12-22,68.0,56.0,27.0,31.0,2.0,5.0
2016-12-23,68.0,47.0,27.0,31.0,2.0,5.0
2016-12-24,68.0,41.0,27.0,31.0,2.0,5.0
2016-12-25,68.0,16.0,27.0,31.0,2.0,5.0
2016-12-26,68.0,13.0,27.0,31.0,2.0,5.0
2016-12-27,68.0,14.0,27.0,31.0,2.0,5.0
2016-12-28,68.0,14.0,27.0,31.0,2.0,5.0
2016-12-29,68.0,30.0,27.0,31.0,2.0,5.0
2016-12-30,68.0,79.0,27.0,31.0,2.0,5.0
2016-12-31,68.0,83.0,27.0,31.0,2.0,5.0
2017-01-01,68.0,83.0,27.0,31.0,2.0,5.0
2017-01-02,68.0,48.0,27.0,31.0,2.0,5.0
2017-01-03,68.0,27.0,27.0,31.0,2.0,5.0
2017-01-04,68.0,10.0,27.0,31.0,2.0,5.0
2017-01-05,68.0,16.0,27.0,31.0,2.0,5.0
2017-01-06,68.0,28.0,27.0,31.0,2.0,5.0
2017-01-07,68.0,91.0,27.0,31.0,2.0,5.0
2017-01-08,68.0,123.0,27.0,31.0,2.0,5.0
2017-01-09,68.0,111.0,27.0,31.0,2.0,5.0
2017-01-10,68.0,95.0,27.0,31.0,2.0,5.0
2017-01-11,68.0,150.0,27.0,31.0,2.0,5.0
2017-01-12,68.0,33.0,27.0,31.0,2.0,5.0
2017-01-13,68.0,30.0,27.0,31.0,2.0,5.0
2017-01-14,68.0,26.0,27.0,31.0,2.0,5.0
2017-01-15,68.0,33.0,27.0,31.0,2.0,5.0
2017-01-16,68.0,56.0,27.0,31.0,2.0,5.0
2017-01-17,68.0,53.0,27.0,31.0,2.0,5.0
2017-01-18,68.0,36.0,27.0,31.0,2.0,5.0
2017-01-19,68.0,62.0,27.0,31.0,2.0,5.0
2017-01-20,68.0,92.0,27.0,31.0,2.0,5.0
2017-01-21,68.0,67.0,27.0,31.0,2.0,5.0
2017-01-22,68.0,49.0,27.0,31.0,2.0,5.0
2017-01-23,68.0,97.0,27.0,31.0,2.0,5.0
2017-01-24,68.0,70.0,27.0,31.0,2.0,5.0
2017-01-25,68.0,104.0,27.0,31.0,2.0,5.0
2017-01-26,68.0,77.0,27.0,31.0,2.0,5.0
2017-01-27,68.0,129.0,27.0,31.0,2.0,5.0
2017-01-28,68.0,133.0,27.0,31.0,2.0,5.0
2017-01-29,68.0,126.0,27.0,31.0,2.0,5.0
2017-01-30,68.0,172.0,27.0,31.0,2.0,5.0
2017-01-31,68.0,126.0,27.0,31.0,2.0,5.0
2017-02-01,68.0,99.0,27.0,31.0,2.0,5.0
2017-02-02,68.0,83.0,27.0,31.0,2.0,5.0
2017-02-03,68.0,91.0,27.0,31.0,2.0,5.0
2017-02-04,68.0,54.0,27.0,31.0,2.0,5.0
2017-02-05,68.0,60.0,27.0,31.0,2.0,5.0
2017-02-06,68.0,57.0,27.0,31.0,2.0,5.0
2017-02-07,68.0,34.0,27.0,31.0,2.0,5.0
2017-02-08,68.0,32.0,27.0,31.0,2.0,5.0
2017-02-09,68.0,46.0,27.0,31.0,2.0,5.0
2017-02-10,68.0,50.0,27.0,31.0,2.0,5.0
2017-02-11,68.0,48.0,27.0,31.0,2.0,5.0
2017-02-12,68.0,41.0,27.0,31.0,2.0,5.0
2017-02-13,68.0,50.0,27.0,31.0,2.0,5.0
2017-02-14,68.0,89.0,27.0,31.0,2.0,5.0
2017-02-15,68.0,127.0,27.0,31.0,2.0,5.0
2017-02-16,68.0,94.0,27.0,31.0,2.0,5.0
2017-02-17,68.0,78.0,27.0,31.0,2.0,5.0
2017-02-18,68.0,58.0,27.0,31.0,2.0,5.0
2017-02-19,68.0,55.0,27.0,31.0,2.0,5.0
2017-02-20,68.0,41.0,27.0,31.0,2.0,5.0
2017-02-21,68.0,11.0,27.0,31.0,2.0,5.0
2017-02-22,68.0,13.0,27.0,31.0,2.0,5.0
2017-02-23,68.0,15.0,27.0,31.0,2.0,5.0
2017-02-24,68.0,11.0,27.0,31.0,2.0,5.0
2017-02-25,68.0,27.0,27.0,31.0,2.0,5.0
2017-02-26,68.0,33.0,27.0,31.0,2.0,5.0
2017-02-27,68.0,40.0,27.0,31.0,2.0,5.0
2017-02-28,68.0,39.0,27.0,31.0,2.0,5.0
2017-03-01,68.0,21.0,27.0,31.0,2.0,5.0
2017-03-02,68.0,30.0,27.0,31.0,2.0,5.0
2017-03-03,68.0,31.0,27.0,31.0,2.0,5.0
2017-03-04,68.0,37.0,27.0,31.0,2.0,5.0
2017-03-05,68.0,17.0,27.0,31.0,2.0,5.0
2017-03-06,68.0,21.0,27.0,31.0,2.0,5.0
2017-03-07,68.0,41.0,27.0,31.0,2.0,5.0
2017-03-08,68.0,36.0,27.0,31.0,2.0,5.0
2017-03-09,68.0,47.0,27.0,31.0,2.0,5.0
2017-03-10,68.0,42.0,27.0,31.0,2.0,5.0
2017-03-11,68.0,26.0,27.0,31.0,2.0,5.0
2017-03-12,68.0,25.0,27.0,31.0,2.0,5.0
2017-03-13,68.0,35.0,27.0,31.0,2.0,5.0
2017-03-14,68.0,74.0,27.0,31.0,2.0,5.0
2017-03-15,68.0,61.0,27.0,31.0,2.0,5.0
2017-03-16,68.0,37.0,27.0,31.0,2.0,5.0
2017-03-17,68.0,41.0,27.0,31.0,2.0,5.0
2017-03-18,68.0,13.0,27.0,31.0,2.0,5.0
2017-03-19,68.0,11.0,27.0,31.0,2.0,5.0
2017-03-20,68.0,23.0,27.0,31.0,2.0,5.0
2017-03-21,68.0,44.0,27.0,31.0,2.0,5.0
2017-03-22,68.0,37.0,27.0,31.0,2.0,5.0
2017-03-23,68.0,20.0,27.0,31.0,2.0,5.0
2017-03-24,68.0,47.0,27.0,31.0,2.0,5.0
2017-03-25,68.0,45.0,27.0,31.0,2.0,5.0
2017-03-26,68.0,18.0,27.0,31.0,2.0,5.0
2017-03-27,68.0,47.0,27.0,31.0,2.0,5.0
2017-03-28,68.0,51.0,27.0,31.0,2.0,5.0
2017-03-29,68.0,81.0,27.0,31.0,2.0,5.0
2017-03-30,68.0,32.0,27.0,31.0,2.0,5.0
2017-03-31,68.0,52.0,27.0,31.0,2.0,5.0
2017-04-01,68.0,41.0,27.0,31.0,2.0,5.0
2017-04-02,68.0,37.0,27.0,31.0,2.0,5.0
2017-04-03,68.0,26.0,27.0,31.0,2.0,5.0
2017-04-04,68.0,29.0,27.0,31.0,2.0,5.0
2017-04-05,68.0,34.0,27.0,31.0,2.0,5.0
2017-04-06,68.0,15.0,27.0,31.0,2.0,5.0
2017-04-07,68.0,17.0,27.0,31.0,2.0,5.0
2017-04-08,68.0,14.0,27.0,31.0,2.0,5.0
2017-04-09,68.0,32.0,27.0,31.0,2.0,5.0
2017-04-10,68.0,35.0,27.0,31.0,2.0,5.0
2017-04-11,68.0,20.0,27.0,31.0,2.0,5.0
2017-04-12,68.0,24.0,27.0,31.0,2.0,5.0
2017-04-13,68.0,14.0,27.0,31.0,2.0,5.0
2017-04-14,68.0,21.0,27.0,31.0,2.0,5.0
2017-04-15,68.0,31.0,27.0,31.0,2.0,5.0
2017-04-16,68.0,13.0,27.0,31.0,2.0,5.0
2017-04-17,68.0,17.0,27.0,31.0,2.0,5.0
2017-04-18,68.0,9.0,27.0,31.0,2.0,5.0
2017-04-19,68.0,13.0,27.0,31.0,2.0,5.0
2017-04-20,68.0,14.0,27.0,31.0,2.0,5.0
2017-04-21,68.0,33.0,27.0,31.0,2.0,5.0
2017-04-22,68.0,19.0,27.0,31.0,2.0,5.0
2017-04-23,68.0,16.0,27.0,31.0,2.0,5.0
2017-04-24,68.0,19.0,27.0,31.0,2.0,5.0
2017-04-25,68.0,28.0,27.0,31.0,2.0,5.0
2017-04-26,68.0,17.0,27.0,31.0,2.0,5.0
2017-04-27,68.0,11.0,27.0,31.0,2.0,5.0
2017-04-28,68.0,13.0,27.0,31.0,2.0,5.0
2017-04-29,68.0,27.0,27.0,31.0,2.0,5.0
2017-04-30,68.0,29.0,27.0,31.0,2.0,5.0
2017-05-01,68.0,21.0,27.0,31.0,2.0,5.0
2017-05-02,68.0,21.0,27.0,31.0,2.0,5.0
2017-05-03,68.0,25.0,27.0,31.0,2.0,5.0
2017-05-04,68.0,24.0,27.0,31.0,2.0,5.0
2017-05-05,68.0,22.0,27.0,31.0,2.0,5.0
2017-05-06,68.0,23.0,27.0,31.0,2.0,5.0
2017-05-07,68.0,26.0,27.0,31.0,2.0,5.0
2017-05-08,68.0,17.0,27.0,31.0,2.0,5.0
2017-05-09,68.0,11.0,27.0,31.0,2.0,5.0
2017-05-10,68.0,25.0,27.0,31.0,2.0,5.0
2017-05-11,68.0,31.0,27.0,31.0,2.0,5.0
2017-05-12,68.0,21.0,27.0,31.0,2.0,5.0
2017-05-13,68.0,24.0,27.0,31.0,2.0,5.0
2017-05-14,68.0,22.0,27.0,31.0,2.0,5.0
2017-05-15,68.0,24.0,27.0,31.0,2.0,5.0
2017-05-16,68.0,27.0,27.0,31.0,2.0,5.0
2017-05-17,68.0,28.0,27.0,31.0,2.0,5.0
2017-05-18,68.0,27.0,27.0,31.0,2.0,5.0
2017-05-19,68.0,26.0,27.0,31.0,2.0,5.0
2017-05-20,68.0,30.0,27.0,31.0,2.0,5.0
2017-05-21,68.0,18.0,27.0,31.0,2.0,5.0
2017-05-22,68.0,16.0,27.0,31.0,2.0,5.0
2017-05-23,68.0,25.0,27.0,31.0,2.0,5.0
2017-05-24,68.0,16.0,27.0,31.0,2.0,5.0
2017-05-25,68.0,15.0,27.0,31.0,2.0,5.0
2017-05-26,68.0,25.0,27.0,31.0,2.0,5.0
2017-05-27,68.0,17.0,27.0,31.0,2.0,5.0
2017-05-28,68.0,16.0,27.0,31.0,2.0,5.0
2017-05-29,68.0,30.0,27.0,31.0,2.0,5.0
2017-05-30,68.0,24.0,27.0,31.0,2.0,5.0
2017-05-31,68.0,17.0,27.0,31.0,2.0,5.0
2017-06-01,68.0,20.0,27.0,31.0,2.0,5.0
2017-06-02,68.0,24.0,27.0,31.0,2.0,5.0
2017-06-03,68.0,22.0,27.0,31.0,2.0,5.0
2017-06-04,68.0,15.0,27.0,31.0,2.0,5.0
2017-06-05,68.0,13.0,27.0,31.0,2.0,5.0
2017-06-06,68.0,22.0,27.0,31.0,2.0,5.0
2017-06-07,68.0,17.0,27.0,31.0,2.0,5.0
2017-06-08,68.0,18.0,27.0,31.0,2.0,5.0
2017-06-09,68.0,21.0,27.0,31.0,2.0,5.0
2017-06-10,68.0,19.0,27.0,31.0,2.0,5.0
2017-06-11,68.0,16.0,27.0,31.0,2.0,5.0
2017-06-12,68.0,19.0,27.0,31.0,2.0,5.0
2017-06-13,68.0,20.0,27.0,31.0,2.0,5.0
2017-06-14,68.0,19.0,27.0,31.0,2.0,5.0
2017-06-15,68.0,18.0,27.0,31.0,2.0,5.0
2017-06-16,68.0,14.0,27.0,31.0,2.0,5.0
2017-06-17,68.0,8.0,27.0,31.0,2.0,5.0
2017-06-18,68.0,12.0,27.0,31.0,2.0,5.0
2017-06-19,68.0,21.0,27.0,31.0,2.0,5.0
2017-06-20,68.0,22.0,27.0,31.0,2.0,5.0
2017-06-21,68.0,17.0,27.0,31.0,2.0,5.0
2017-06-22,68.0,26.0,27.0,31.0,2.0,5.0
2017-06-23,68.0,19.0,27.0,31.0,2.0,5.0
2017-06-24,68.0,22.0,27.0,31.0,2.0,5.0
2017-06-25,68.0,21.0,27.0,31.0,2.0,5.0
2017-06-26,68.0,15.0,27.0,31.0,2.0,5.0
2017-06-27,68.0,16.0,27.0,31.0,2.0,5.0
2017-06-28,68.0,24.0,27.0,31.0,2.0,5.0
2017-06-29,68.0,14.0,27.0,31.0,2.0,5.0
2017-06-30,68.0,9.0,27.0,31.0,2.0,5.0
2017-07-01,68.0,10.0,27.0,31.0,2.0,5.0
2017-07-02,68.0,7.0,27.0,31.0,2.0,5.0
2017-07-03,68.0,14.0,27.0,31.0,2.0,5.0
2017-07-04,68.0,18.0,27.0,31.0,2.0,5.0
2017-07-05,68.0,16.0,27.0,31.0,2.0,5.0
2017-07-06,68.0,14.0,27.0,31.0,2.0,5.0
2017-07-07,68.0,17.0,27.0,31.0,2.0,5.0
2017-07-08,68.0,16.0,27.0,31.0,2.0,5.0
2017-07-09,68.0,15.0,27.0,31.0,2.0,5.0
2017-07-10,68.0,21.0,27.0,31.0,2.0,5.0
2017-07-11,68.0,13.0,27.0,31.0,2.0,5.0
2017-07-12,68.0,17.0,27.0,31.0,2.0,5.0
2017-07-13,68.0,12.0,27.0,31.0,2.0,5.0
2017-07-14,68.0,20.0,27.0,31.0,2.0,5.0
2017-07-15,68.0,15.0,27.0,31.0,2.0,5.0
2017-07-16,68.0,17.0,27.0,31.0,2.0,5.0
2017-07-17,68.0,18.0,27.0,31.0,2.0,5.0
2017-07-18,68.0,23.0,27.0,31.0,2.0,5.0
2017-07-19,68.0,26.0,27.0,31.0,2.0,5.0
2017-07-20,68.0,26.0,27.0,31.0,2.0,5.0
2017-07-21,68.0,18.0,27.0,31.0,2.0,5.0
2017-07-22,68.0,15.0,27.0,31.0,2.0,5.0
2017-07-23,68.0,12.0,27.0,31.0,2.0,5.0
2017-07-24,68.0,14.0,27.0,31.0,2.0,5.0
2017-07-25,68.0,14.0,27.0,31.0,2.0,5.0
2017-07-26,68.0,10.0,27.0,31.0,2.0,5.0
2017-07-27,68.0,12.0,27.0,31.0,2.0,5.0
2017-07-28,68.0,11.0,27.0,31.0,2.0,5.0
2017-07-29,68.0,19.0,27.0,31.0,2.0,5.0
2017-07-30,68.0,15.0,27.0,31.0,2.0,5.0
2017-07-31,68.0,24.0,27.0,31.0,2.0,5.0
2017-08-01,68.0,27.0,27.0,31.0,2.0,5.0
2017-08-02,68.0,37.0,27.0,31.0,2.0,5.0
2017-08-03,68.0,32.0,27.0,31.0,2.0,5.0
2017-08-04,68.0,27.0,27.0,31.0,2.0,5.0
2017-08-05,68.0,22.0,27.0,31.0,2.0,5.0
2017-08-06,68.0,17.0,27.0,31.0,2.0,5.0
2017-08-07,68.0,13.0,27.0,31.0,2.0,5.0
2017-08-08,68.0,21.0,27.0,31.0,2.0,5.0
2017-08-09,68.0,27.0,27.0,31.0,2.0,5.0
2017-08-10,68.0,45.0,27.0,31.0,2.0,5.0
2017-08-11,68.0,36.0,27.0,31.0,2.0,5.0
2017-08-12,68.0,15.0,27.0,31.0,2.0,5.0
2017-08-13,68.0,12.0,27.0,31.0,2.0,5.0
2017-08-14,68.0,21.0,27.0,31.0,2.0,5.0
2017-08-15,68.0,14.0,27.0,31.0,2.0,5.0
2017-08-16,68.0,22.0,27.0,31.0,2.0,5.0
2017-08-17,68.0,22.0,27.0,31.0,2.0,5.0
2017-08-18,68.0,28.0,27.0,31.0,2.0,5.0
2017-08-19,68.0,21.0,27.0,31.0,2.0,5.0
2017-08-20,68.0,6.0,27.0,31.0,2.0,5.0
2017-08-21,68.0,14.0,27.0,31.0,2.0,5.0
2017-08-22,68.0,16.0,27.0,31.0,2.0,5.0
2017-08-23,68.0,19.0,27.0,31.0,2.0,5.0
2017-08-24,68.0,25.0,27.0,31.0,2.0,5.0
2017-08-25,68.0,33.0,27.0,31.0,2.0,5.0
2017-08-26,68.0,34.0,27.0,31.0,2.0,5.0
2017-08-27,68.0,24.0,27.0,31.0,2.0,5.0
2017-08-28,68.0,15.0,27.0,31.0,2.0,5.0
2017-08-29,68.0,20.0,27.0,31.0,2.0,5.0
2017-08-30,68.0,26.0,27.0,31.0,2.0,5.0
2017-08-31,68.0,33.0,27.0,31.0,2.0,5.0
2017-09-01,68.0,30.0,27.0,31.0,2.0,5.0
2017-09-02,68.0,7.0,27.0,31.0,2.0,5.0
2017-09-03,68.0,6.0,27.0,31.0,2.0,5.0
2017-09-04,68.0,14.0,27.0,31.0,2.0,5.0
2017-09-05,68.0,14.0,27.0,31.0,2.0,5.0
2017-09-10,68.0,25.0,27.0,31.0,2.0,5.0
2017-09-11,68.0,24.0,27.0,31.0,2.0,5.0
2017-09-12,68.0,9.0,27.0,31.0,2.0,5.0
2017-09-13,68.0,11.0,27.0,31.0,2.0,5.0
2017-09-14,68.0,8.0,27.0,31.0,2.0,5.0
2017-09-15,68.0,12.0,27.0,31.0,2.0,5.0
2017-09-16,68.0,19.0,27.0,31.0,2.0,5.0
2017-09-17,68.0,13.0,27.0,31.0,2.0,5.0
2017-09-18,68.0,20.0,27.0,31.0,2.0,5.0
2017-09-19,68.0,27.0,27.0,31.0,2.0,5.0
2017-09-20,68.0,8.0,27.0,31.0,2.0,5.0
2017-09-21,68.0,11.0,27.0,31.0,2.0,5.0
2017-09-22,68.0,15.0,27.0,31.0,2.0,5.0
2017-09-23,68.0,16.0,27.0,31.0,2.0,5.0
2017-09-24,68.0,13.0,27.0,31.0,2.0,5.0
2017-09-25,68.0,18.0,27.0,31.0,2.0,5.0
2017-09-26,68.0,31.0,27.0,31.0,2.0,5.0
2017-09-27,68.0,32.0,27.0,31.0,2.0,5.0
2017-09-28,68.0,30.0,27.0,31.0,2.0,5.0
2017-09-29,68.0,53.0,27.0,31.0,2.0,5.0
2017-09-30,68.0,48.0,27.0,31.0,2.0,5.0
2017-10-01,68.0,40.0,27.0,31.0,2.0,5.0
2017-10-02,68.0,47.0,27.0,31.0,2.0,5.0
2017-10-03,68.0,36.0,27.0,31.0,2.0,5.0
2017-10-04,68.0,20.0,27.0,31.0,2.0,5.0
2017-10-05,68.0,16.0,27.0,31.0,2.0,5.0
2017-10-06,68.0,11.0,27.0,31.0,2.0,5.0
2017-10-07,68.0,12.0,27.0,31.0,2.0,5.0
2017-10-09,68.0,26.0,27.0,31.0,2.0,5.0
2017-10-10,68.0,21.0,27.0,31.0,2.0,5.0
2017-10-11,68.0,13.0,27.0,31.0,2.0,5.0
2017-10-12,68.0,38.0,27.0,31.0,2.0,5.0
2017-10-13,68.0,31.0,27.0,31.0,2.0,5.0
2017-10-14,68.0,42.0,27.0,31.0,2.0,5.0
2017-10-15,68.0,30.0,27.0,31.0,2.0,5.0
2017-10-16,68.0,43.0,27.0,31.0,2.0,5.0
2017-10-17,68.0,53.0,27.0,31.0,2.0,5.0
2017-10-18,68.0,66.0,27.0,31.0,2.0,5.0
2017-10-19,68.0,63.0,27.0,31.0,2.0,5.0
2017-10-20,68.0,67.0,27.0,31.0,2.0,5.0
2017-10-21,68.0,52.0,27.0,31.0,2.0,5.0
2017-10-22,68.0,39.0,27.0,31.0,2.0,5.0
2017-10-23,68.0,22.0,27.0,31.0,2.0,5.0
2017-10-24,68.0,22.0,27.0,31.0,2.0,5.0
2017-10-25,68.0,39.0,27.0,31.0,2.0,5.0
2017-10-26,68.0,30.0,27.0,31.0,2.0,5.0
2017-10-27,68.0,20.0,27.0,31.0,2.0,5.0
2017-10-28,68.0,13.0,27.0,31.0,2.0,5.0
2017-10-29,68.0,8.0,27.0,31.0,2.0,5.0
2017-10-30,68.0,15.0,27.0,31.0,2.0,5.0
2017-10-31,68.0,30.0,27.0,31.0,2.0,5.0
2017-11-01,68.0,17.0,27.0,31.0,2.0,5.0
2017-11-02,68.0,20.0,27.0,31.0,2.0,5.0
2017-11-03,68.0,33.0,27.0,31.0,2.0,5.0
2017-11-04,68.0,51.0,27.0,31.0,2.0,5.0
2017-11-05,68.0,37.0,27.0,31.0,2.0,5.0
2017-11-06,68.0,66.0,27.0,31.0,2.0,5.0
2017-11-07,68.0,40.0,27.0,31.0,2.0,5.0
2017-11-08,68.0,37.0,27.0,31.0,2.0,5.0
2017-11-09,68.0,61.0,27.0,31.0,2.0,5.0
2017-11-10,68.0,33.0,27.0,31.0,2.0,5.0
2017-11-11,68.0,13.0,27.0,31.0,2.0,5.0
2017-11-12,68.0,16.0,27.0,31.0,2.0,5.0
2017-11-13,68.0,26.0,27.0,31.0,2.0,5.0
2017-11-14,68.0,42.0,27.0,31.0,2.0,5.0
2017-11-15,68.0,82.0,27.0,31.0,2.0,5.0
2017-11-16,68.0,73.0,27.0,31.0,2.0,5.0
2017-11-17,68.0,62.0,27.0,31.0,2.0,5.0
2017-11-18,68.0,44.0,27.0,31.0,2.0,5.0
2017-11-19,68.0,17.0,27.0,31.0,2.0,5.0
2017-11-20,68.0,18.0,27.0,31.0,2.0,5.0
2017-11-21,68.0,28.0,27.0,31.0,2.0,5.0
2017-11-22,68.0,50.0,27.0,31.0,2.0,5.0
2017-11-23,68.0,67.0,27.0,31.0,2.0,5.0
2017-11-24,68.0,77.0,27.0,31.0,2.0,5.0
2017-11-25,68.0,58.0,27.0,31.0,2.0,5.0
2017-11-26,68.0,27.0,27.0,31.0,2.0,5.0
2017-11-27,68.0,55.0,27.0,31.0,2.0,5.0
2017-11-28,68.0,65.0,27.0,31.0,2.0,5.0
2017-11-29,68.0,70.0,27.0,31.0,2.0,5.0
2017-11-30,68.0,40.0,27.0,31.0,2.0,5.0
2017-12-01,68.0,42.0,27.0,31.0,2.0,5.0
2017-12-02,68.0,75.0,27.0,31.0,2.0,5.0
2017-12-03,68.0,41.0,27.0,31.0,2.0,5.0
2017-12-04,68.0,29.0,27.0,31.0,2.0,5.0
2017-12-05,68.0,23.0,27.0,31.0,2.0,5.0
2017-12-06,68.0,22.0,27.0,31.0,2.0,5.0
2017-12-07,68.0,39.0,27.0,31.0,2.0,5.0
2017-12-08,68.0,43.0,27.0,31.0,2.0,5.0
2017-12-09,68.0,41.0,27.0,31.0,2.0,5.0
2017-12-10,68.0,15.0,27.0,31.0,2.0,5.0
2017-12-11,68.0,23.0,27.0,31.0,2.0,5.0
2017-12-12,68.0,21.0,27.0,31.0,2.0,5.0
2017-12-13,68.0,47.0,27.0,31.0,2.0,5.0
2017-12-14,68.0,41.0,27.0,31.0,2.0,5.0
2017-12-15,68.0,40.0,27.0,31.0,2.0,5.0
2017-12-16,68.0,66.0,27.0,31.0,2.0,5.0
2017-12-17,68.0,69.0,27.0,31.0,2.0,5.0
2017-12-18,68.0,56.0,27.0,31.0,2.0,5.0
2017-12-19,68.0,51.0,27.0,31.0,2.0,5.0
2017-12-20,68.0,66.0,27.0,31.0,2.0,5.0
2017-12-21,68.0,44.0,27.0,31.0,2.0,5.0
2017-12-22,68.0,26.0,27.0,31.0,2.0,5.0
2017-12-23,68.0,19.0,27.0,31.0,2.0,5.0
2017-12-24,68.0,13.0,27.0,31.0,2.0,5.0
2017-12-25,68.0,24.0,27.0,31.0,2.0,5.0
2017-12-26,68.0,71.0,27.0,31.0,2.0,5.0
2017-12-27,68.0,50.0,27.0,31.0,2.0,5.0
2017-12-28,68.0,35.0,27.0,31.0,2.0,5.0
2017-12-29,68.0,32.0,27.0,31.0,2.0,5.0
2017-12-30,68.0,43.0,27.0,31.0,2.0,5.0
2017-12-31,68.0,76.0,27.0,31.0,2.0,5.0
2018-01-01,68.0,58.0,27.0,31.0,2.0,5.0
2018-01-02,68.0,60.0,27.0,31.0,2.0,5.0
2018-01-03,68.0,23.0,27.0,31.0,2.0,5.0
2018-01-04,68.0,20.0,27.0,31.0,2.0,5.0
2018-01-05,68.0,30.0,27.0,31.0,2.0,5.0
2018-01-06,68.0,60.0,27.0,31.0,2.0,5.0
2018-01-07,68.0,37.0,27.0,31.0,2.0,5.0
2018-01-08,68.0,21.0,27.0,31.0,2.0,5.0
2018-01-09,68.0,34.0,27.0,31.0,2.0,5.0
2018-01-10,68.0,47.0,27.0,31.0,2.0,5.0
2018-01-11,68.0,46.0,27.0,31.0,2.0,5.0
2018-01-12,68.0,29.0,27.0,31.0,2.0,5.0
2018-01-13,68.0,23.0,27.0,31.0,2.0,5.0
2018-01-14,68.0,22.0,27.0,31.0,2.0,5.0
2018-01-15,68.0,58.0,27.0,31.0,2.0,5.0
2018-01-16,68.0,48.0,27.0,31.0,2.0,5.0
2018-01-17,68.0,19.0,27.0,31.0,2.0,5.0
2018-01-18,68.0,21.0,27.0,31.0,2.0,5.0
2018-01-19,68.0,25.0,27.0,31.0,2.0,5.0
2018-01-20,68.0,64.0,27.0,31.0,2.0,5.0
2018-01-21,68.0,55.0,27.0,31.0,2.0,5.0
2018-01-22,68.0,49.0,27.0,31.0,2.0,5.0
2018-01-23,68.0,60.0,27.0,31.0,2.0,5.0
2018-01-24,68.0,76.0,27.0,31.0,2.0,5.0
2018-01-25,68.0,78.0,27.0,31.0,2.0,5.0
2018-01-26,68.0,115.0,27.0,31.0,2.0,5.0
2018-01-27,68.0,105.0,27.0,31.0,2.0,5.0
2018-01-28,68.0,41.0,27.0,31.0,2.0,5.0
2018-01-29,68.0,13.0,27.0,31.0,2.0,5.0
2018-01-30,68.0,13.0,27.0,31.0,2.0,5.0
2018-01-31,68.0,49.0,27.0,31.0,2.0,5.0
2018-02-01,68.0,63.0,27.0,31.0,2.0,5.0
2018-02-02,68.0,35.0,27.0,31.0,2.0,5.0
2018-02-03,68.0,76.0,27.0,31.0,2.0,5.0
2018-02-04,68.0,56.0,27.0,31.0,2.0,5.0
2018-02-05,68.0,25.0,27.0,31.0,2.0,5.0
2018-02-06,68.0,64.0,27.0,31.0,2.0,5.0
2018-02-07,68.0,66.0,27.0,31.0,2.0,5.0
2018-02-08,68.0,63.0,27.0,31.0,2.0,5.0
2018-02-09,68.0,76.0,27.0,31.0,2.0,5.0
2018-02-10,68.0,70.0,27.0,31.0,2.0,5.0
2018-02-11,68.0,60.0,27.0,31.0,2.0,5.0
2018-02-12,68.0,75.0,27.0,31.0,2.0,5.0
2018-02-13,68.0,75.0,27.0,31.0,2.0,5.0
2018-02-14,68.0,37.0,27.0,31.0,2.0,5.0
2018-02-15,68.0,47.0,27.0,31.0,2.0,5.0
2018-02-16,68.0,65.0,27.0,31.0,2.0,5.0
2018-02-17,68.0,65.0,27.0,31.0,2.0,5.0
2018-02-18,68.0,40.0,27.0,31.0,2.0,5.0
2018-02-19,68.0,35.0,27.0,31.0,2.0,5.0
2018-02-20,68.0,54.0,27.0,31.0,2.0,5.0
2018-02-21,68.0,47.0,27.0,31.0,2.0,5.0
2018-02-22,68.0,34.0,27.0,31.0,2.0,5.0
2018-02-23,68.0,38.0,27.0,31.0,2.0,5.0
2018-02-24,68.0,39.0,27.0,31.0,2.0,5.0
2018-02-25,68.0,34.0,27.0,31.0,2.0,5.0
2018-02-26,68.0,48.0,27.0,31.0,2.0,5.0
2018-02-27,68.0,35.0,27.0,31.0,2.0,5.0
2018-02-28,68.0,39.0,27.0,31.0,2.0,5.0
2018-03-01,68.0,72.0,27.0,31.0,2.0,5.0
2018-03-02,68.0,69.0,27.0,31.0,2.0,5.0
2018-03-03,68.0,72.0,27.0,31.0,2.0,5.0
2018-03-04,68.0,103.0,27.0,31.0,2.0,5.0
2018-03-05,68.0,95.0,27.0,31.0,2.0,5.0
2018-03-06,68.0,70.0,27.0,31.0,2.0,5.0
2018-03-07,68.0,67.0,27.0,31.0,2.0,5.0
2018-03-08,68.0,55.0,27.0,31.0,2.0,5.0
2018-03-09,68.0,49.0,27.0,31.0,2.0,5.0
2018-03-12,68.0,28.0,27.0,31.0,2.0,5.0
2018-03-13,68.0,29.0,27.0,31.0,2.0,5.0
2018-03-14,68.0,42.0,27.0,31.0,2.0,5.0
2018-03-15,68.0,38.0,27.0,31.0,2.0,5.0
2018-03-16,68.0,33.0,27.0,31.0,2.0,5.0
2018-03-17,68.0,18.0,27.0,31.0,2.0,5.0
2018-03-18,68.0,24.0,27.0,31.0,2.0,5.0
2018-03-19,68.0,26.0,27.0,31.0,2.0,5.0
2018-03-20,68.0,41.0,27.0,31.0,2.0,5.0
2018-03-21,68.0,44.0,27.0,31.0,2.0,5.0
2018-03-22,68.0,59.0,27.0,31.0,2.0,5.0
2018-03-23,68.0,81.0,27.0,31.0,2.0,5.0
2018-03-24,68.0,66.0,27.0,31.0,2.0,5.0
2018-03-25,68.0,58.0,27.0,31.0,2.0,5.0
2018-03-26,68.0,64.0,27.0,31.0,2.0,5.0
2018-03-27,68.0,50.0,27.0,31.0,2.0,5.0
2018-03-28,68.0,44.0,27.0,31.0,2.0,5.0
2018-03-29,68.0,47.0,27.0,31.0,2.0,5.0
2018-03-30,68.0,41.0,27.0,31.0,2.0,5.0
2018-03-31,68.0,27.0,27.0,31.0,2.0,5.0
2018-04-01,68.0,25.0,27.0,31.0,2.0,5.0
2018-04-02,68.0,26.0,27.0,31.0,2.0,5.0
2018-04-03,68.0,41.0,27.0,31.0,2.0,5.0
2018-04-04,68.0,52.0,27.0,31.0,2.0,5.0
2018-04-05,68.0,38.0,27.0,31.0,2.0,5.0
2018-04-06,68.0,30.0,27.0,31.0,2.0,5.0
2018-04-07,68.0,42.0,27.0,31.0,2.0,5.0
2018-04-08,68.0,36.0,27.0,31.0,2.0,5.0
2018-04-09,68.0,41.0,27.0,31.0,2.0,5.0
2018-04-10,68.0,50.0,27.0,31.0,2.0,5.0
2018-04-11,68.0,48.0,27.0,31.0,2.0,5.0
2018-04-12,68.0,61.0,27.0,31.0,2.0,5.0
2018-04-13,68.0,54.0,27.0,31.0,2.0,5.0
2018-04-14,68.0,31.0,27.0,31.0,2.0,5.0
2018-04-15,68.0,33.0,27.0,31.0,2.0,5.0
2018-04-16,68.0,51.0,27.0,31.0,2.0,5.0
2018-04-17,68.0,32.0,27.0,31.0,2.0,5.0
2018-04-18,68.0,37.0,27.0,31.0,2.0,5.0
2018-04-19,68.0,39.0,27.0,31.0,2.0,5.0
2018-04-21,68.0,26.0,27.0,31.0,2.0,5.0
2018-04-22,68.0,21.0,27.0,31.0,2.0,5.0
2018-04-23,68.0,36.0,27.0,31.0,2.0,5.0
2018-04-24,68.0,38.0,27.0,31.0,2.0,5.0
2018-04-25,68.0,38.0,27.0,31.0,2.0,5.0
2018-04-26,68.0,25.0,27.0,31.0,2.0,5.0
2018-04-27,68.0,26.0,27.0,31.0,2.0,5.0
2018-04-28,68.0,31.0,27.0,31.0,2.0,5.0
2018-04-29,68.0,32.0,27.0,31.0,2.0,5.0
2018-04-30,68.0,37.0,27.0,31.0,2.0,5.0
2018-05-01,68.0,24.0,27.0,31.0,2.0,5.0
2018-05-02,68.0,37.0,27.0,31.0,2.0,5.0
2018-05-03,68.0,34.0,27.0,31.0,2.0,5.0
2018-05-04,68.0,27.0,27.0,31.0,2.0,5.0
2018-05-05,68.0,20.0,27.0,31.0,2.0,5.0
2018-05-06,68.0,18.0,27.0,31.0,2.0,5.0
2018-05-07,68.0,28.0,27.0,31.0,2.0,5.0
2018-05-08,68.0,27.0,27.0,31.0,2.0,5.0
2018-05-09,68.0,30.0,27.0,31.0,2.0,5.0
2018-05-10,68.0,36.0,27.0,31.0,2.0,5.0
2018-05-11,68.0,32.0,27.0,31.0,2.0,5.0
2018-05-12,68.0,28.0,27.0,31.0,2.0,5.0
2018-05-13,68.0,22.0,27.0,31.0,2.0,5.0
2018-05-14,68.0,26.0,27.0,31.0,2.0,5.0
2018-05-15,68.0,23.0,11.0,25.0,2.0,5.0
2018-05-16,70.0,21.0,19.0,23.0,1.67,4.0
2018-05-17,51.0,11.0,25.0,22.0,1.33,4.0
2018-05-18,85.0,32.0,35.0,24.0,1.0,4.0
2018-05-19,60.0,24.0,42.0,25.0,1.0,4.0
2018-05-20,42.0,18.0,40.0,29.0,1.0,4.0
2018-05-21,46.0,28.0,43.0,34.0,1.0,5.0
2018-05-22,63.0,24.0,47.0,34.0,1.0,5.0
2018-05-23,68.0,27.0,53.0,32.0,1.0,4.0
2018-05-24,54.0,17.0,49.0,35.0,1.0,4.0
2018-05-25,63.0,23.0,52.0,29.0,3.0,4.0
2018-05-26,58.33,22.0,50.0,26.0,1.0,4.0
2018-05-27,53.67,23.0,53.0,28.0,1.0,4.0
2018-05-28,49.0,36.0,43.0,35.0,1.0,5.0
2018-05-29,62.0,32.0,50.0,39.0,2.0,6.0
2018-05-30,71.0,33.0,59.0,27.0,1.0,4.0
2018-05-31,83.0,29.0,53.0,32.0,1.0,4.0
2018-06-01,74.0,29.0,45.0,22.0,1.0,4.0
2018-06-02,89.0,23.0,47.0,21.0,1.0,4.0
2018-06-03,82.0,23.0,61.0,32.0,1.0,5.0
2018-06-04,97.0,33.0,46.0,34.0,1.0,5.0
2018-06-05,100.0,37.0,41.0,23.0,1.0,2.0
2018-06-06,44.0,20.0,51.0,32.0,1.0,4.0
2018-06-07,50.0,26.0,57.0,37.0,1.0,5.0
2018-06-08,65.0,30.0,57.0,27.0,1.0,4.0
2018-06-09,76.0,26.0,59.0,26.0,1.0,4.0
2018-06-10,76.0,25.0,56.0,28.0,1.0,4.0
2018-06-11,83.0,27.0,34.0,30.0,1.0,6.0
2018-06-12,100.0,24.0,31.0,28.0,1.0,6.0
2018-06-13,83.0,21.0,30.0,31.0,1.0,6.0
2018-06-14,75.0,21.0,39.0,34.0,1.0,5.0
2018-06-15,57.0,17.0,46.0,33.0,1.0,5.0
2018-06-16,60.0,22.0,45.0,26.0,1.0,5.0
2018-06-17,59.0,17.0,34.0,33.0,1.0,6.0
2018-06-18,73.0,24.0,37.0,36.0,1.0,3.0
2018-06-19,79.0,28.0,36.0,38.0,1.0,3.0
2018-06-20,72.0,29.0,30.0,32.0,1.0,3.0
2018-06-21,70.0,26.0,27.0,24.0,1.0,4.0
2018-06-22,39.0,18.0,22.0,19.0,1.0,4.0
2018-06-23,51.0,13.0,25.0,15.0,1.0,4.0
2018-06-24,43.0,8.0,30.0,26.0,1.0,5.0
2018-06-25,53.0,15.0,28.0,25.0,1.0,5.0
2018-06-26,48.0,14.0,30.0,28.0,1.0,6.0
2018-06-27,60.0,14.0,27.0,31.0,1.0,7.0
2018-06-28,80.0,16.0,40.0,41.0,1.0,7.0
2018-06-29,76.0,26.0,31.0,22.0,1.0,4.0
2018-06-30,28.0,16.0,24.0,19.0,1.0,4.0
2018-07-01,24.0,12.0,31.0,26.0,1.0,4.0
2018-07-02,37.0,23.0,43.0,33.0,1.0,5.0
2018-07-03,49.0,27.0,62.0,42.0,1.0,6.0
2018-07-04,51.0,33.0,72.0,50.0,1.0,6.0
2018-07-05,58.0,34.0,53.0,39.0,1.0,6.0
2018-07-06,87.0,24.0,42.0,25.0,1.0,4.0
2018-07-07,62.0,22.0,41.0,25.0,1.0,4.0
2018-07-08,53.0,29.0,42.0,36.0,1.0,6.0
2018-07-09,71.0,28.0,50.0,33.0,1.0,5.0
2018-07-10,72.0,28.0,28.0,28.0,1.0,6.0
2018-07-11,107.0,19.0,38.0,26.0,1.0,4.0
2018-07-12,71.0,13.0,42.0,25.0,1.0,4.0
2018-07-13,57.0,18.0,35.0,19.0,1.0,3.0
2018-07-14,64.0,16.0,34.0,19.0,1.0,3.0
2018-07-15,62.0,22.0,28.0,28.0,1.0,6.0
2018-07-16,78.0,13.0,22.0,22.0,1.09,5.0
2018-07-17,80.0,9.0,19.0,20.0,1.18,5.0
2018-07-18,54.0,16.0,15.0,18.0,1.27,4.0
2018-07-19,85.0,28.0,28.0,25.0,1.36,6.0
2018-07-20,99.0,35.0,58.0,33.0,1.45,5.0
2018-07-21,92.0,31.0,64.0,30.0,1.54,5.0
2018-07-22,99.0,38.0,43.0,34.0,1.64,5.0
2018-07-23,75.0,43.0,54.0,37.0,1.73,4.0
2018-07-24,69.0,35.0,40.0,32.0,1.82,5.0
2018-07-25,73.0,25.0,31.0,30.0,1.91,6.0
2018-07-26,62.0,31.0,39.0,32.0,2.0,6.0
2018-07-27,64.0,30.0,48.0,30.0,1.93,6.0
2018-07-28,162.0,23.0,44.0,23.0,1.87,5.0
2018-07-29,297.0,23.0,30.0,29.0,1.8,7.0
2018-07-30,58.0,31.0,38.0,29.0,1.74,7.0
2018-07-31,71.0,29.0,44.0,27.0,1.67,5.0
2018-08-01,74.0,27.0,45.0,31.0,1.6,6.0
2018-08-02,75.0,29.0,55.0,36.0,1.53,6.0
2018-08-03,73.0,28.0,54.0,33.0,1.46,5.0
2018-08-04,74.0,23.0,49.0,25.0,1.4,5.0
2018-08-05,74.0,18.0,40.0,30.0,1.35,5.0
2018-08-06,51.0,23.0,45.0,30.0,1.26,5.0
2018-08-07,49.0,30.0,48.0,38.0,1.2,7.0
2018-08-08,69.0,32.0,57.0,37.0,1.13,7.0
2018-08-09,69.0,31.0,46.0,35.0,1.07,7.0
2018-08-10,71.0,12.0,21.0,23.0,1.0,5.0
2018-08-11,60.0,16.0,46.0,23.0,1.0,5.0
2018-08-12,57.0,21.0,39.0,34.0,1.0,7.0
2018-08-13,58.0,31.0,38.0,32.0,1.0,7.0
2018-08-14,77.0,12.0,32.0,18.0,1.0,4.0
2018-08-15,49.0,20.0,39.0,31.0,1.0,5.0
2018-08-16,62.0,28.0,46.0,32.0,1.0,6.0
2018-08-17,83.0,32.0,50.0,31.0,1.0,6.0
2018-08-18,91.0,27.0,51.0,29.0,1.0,6.0
2018-08-19,87.0,30.0,48.0,40.0,1.0,7.0
2018-08-20,73.0,23.0,28.0,30.0,1.0,6.0
2018-08-21,59.0,28.0,45.0,29.0,1.0,5.0
2018-08-22,55.0,33.0,50.0,37.0,1.0,7.0
2018-08-23,73.0,31.0,40.0,36.0,1.0,8.0
2018-08-24,91.0,21.0,13.0,24.0,1.0,6.0
2018-08-25,88.0,11.0,21.0,23.0,1.0,5.0
2018-08-26,50.0,17.0,28.0,26.0,1.0,6.0
2018-08-27,67.0,26.0,24.0,28.0,1.0,6.0
2018-08-28,73.0,30.0,41.0,28.0,1.0,5.0
2018-08-29,79.0,29.0,38.0,35.0,1.0,6.0
2018-08-30,80.0,25.0,29.0,29.0,1.0,6.0
2018-08-31,88.0,29.0,45.0,26.0,1.0,6.0
2018-09-01,94.0,32.0,42.0,27.0,1.0,6.0
2018-09-02,97.0,32.0,44.0,32.0,1.0,6.0
2018-09-03,85.0,20.0,25.0,30.0,1.0,6.0
2018-09-04,81.0,30.0,31.0,17.0,1.0,6.0
2018-09-05,85.0,31.0,24.0,35.0,2.0,7.0
2018-09-06,90.0,40.0,47.0,33.0,2.0,7.0
2018-09-07,83.0,29.0,45.0,21.0,2.0,6.0
2018-09-08,104.0,20.0,43.0,22.0,2.0,5.0
2018-09-09,73.0,33.0,41.0,33.0,2.0,6.0
2018-09-10,79.0,34.0,31.0,33.0,1.0,7.0
2018-09-11,84.0,37.0,43.0,40.0,1.0,7.0
2018-09-12,69.0,46.0,63.0,43.0,1.0,8.0
2018-09-13,88.0,38.0,8.0,27.0,1.0,7.0
2018-09-14,115.0,13.0,20.0,20.0,1.0,5.0
2018-09-15,61.0,22.0,34.0,20.0,1.0,5.0
2018-09-16,78.0,28.0,33.0,30.0,1.0,7.0
2018-09-17,77.0,35.0,43.0,32.0,1.0,7.0
2018-09-18,85.0,42.0,40.0,32.0,1.0,7.0
2018-09-19,89.0,49.0,49.0,40.0,1.0,15.0
2018-09-20,110.0,48.0,42.0,41.0,1.0,20.0
2018-09-21,110.0,16.0,21.0,21.0,1.0,5.0
2018-09-22,60.0,12.0,29.0,18.0,1.0,4.0
2018-09-23,41.0,10.0,25.0,15.0,1.0,3.0
2018-09-24,25.0,16.0,21.0,20.0,1.0,4.0
2018-09-25,51.0,25.0,25.0,25.0,1.0,5.0
2018-09-26,82.0,24.0,20.0,25.0,1.0,6.0
2018-09-27,66.0,27.0,26.0,26.0,1.0,13.0
2018-09-28,88.0,18.0,25.0,22.0,1.66,5.0
2018-09-29,60.0,29.0,20.5,21.0,2.33,7.0
2018-09-30,103.0,38.0,16.0,26.0,3.0,8.0
2018-10-01,124.0,22.0,17.0,22.0,2.0,5.0
2018-10-02,85.0,18.0,28.0,16.0,1.0,4.0
2018-10-03,44.0,29.0,21.0,23.0,1.0,5.0
2018-10-04,70.0,43.0,29.0,28.0,1.0,10.0
2018-10-05,121.0,38.0,30.0,32.0,2.0,11.0
2018-10-06,112.0,36.0,19.0,28.0,2.0,10.0
2018-10-07,113.0,21.0,22.0,22.0,2.0,6.0
2018-10-08,75.0,44.0,17.0,28.0,2.0,8.0
2018-10-09,120.0,41.0,26.0,33.0,2.0,11.0
2018-10-10,142.0,50.0,15.0,29.0,2.0,11.0
2018-10-11,157.0,55.0,28.0,37.0,3.0,12.0
2018-10-12,136.0,56.0,27.0,33.0,2.0,12.0
2018-10-13,153.0,46.0,26.0,26.0,3.0,11.0
2018-10-14,141.0,50.0,24.0,32.0,2.0,11.0
2018-10-15,133.0,59.0,28.0,36.0,2.0,13.0
2018-10-16,139.0,68.0,25.0,41.0,3.0,14.0
2018-10-17,152.0,74.0,2.0,35.0,3.0,13.0
2018-10-18,175.0,78.0,11.0,25.0,12.0,11.0
2018-10-19,181.0,49.0,18.0,20.0,16.0,7.0
2018-10-20,141.0,28.0,19.0,19.0,15.0,6.0
2018-10-21,101.0,51.0,6.0,23.0,15.0,10.0
2018-10-22,158.0,19.0,21.0,17.0,16.0,5.0
2018-10-23,68.0,13.0,29.0,13.0,15.0,3.0
2018-10-24,26.0,12.0,24.0,18.0,15.0,4.0
2018-10-25,57.0,30.0,21.0,30.0,16.0,8.0
2018-10-26,85.0,42.0,13.0,21.0,16.0,10.0
2018-10-27,137.0,13.0,22.0,16.0,15.0,5.0
2018-10-28,77.0,33.0,18.0,21.0,5.0,8.0
2018-10-29,106.0,37.0,27.0,29.0,3.5,7.0
2018-10-30,69.0,36.0,19.0,40.0,2.0,12.0
2018-10-31,77.0,43.0,24.0,26.0,1.0,10.0
2018-11-01,117.0,58.0,27.0,32.0,1.0,10.0
2018-11-02,108.0,41.0,10.0,18.0,1.75,8.0
2018-11-03,137.0,26.0,10.0,13.0,2.5,6.0
2018-11-04,95.0,49.0,7.0,20.0,3.25,8.0
2018-11-05,141.0,49.0,8.0,31.0,4.0,13.0
2018-11-06,136.0,57.0,4.0,29.0,1.0,15.0
2018-11-07,164.0,71.0,6.0,31.0,3.0,16.0
2018-11-08,170.0,77.0,3.0,28.0,2.33,17.0
2018-11-09,181.0,76.0,5.0,25.0,1.67,19.0
2018-11-10,183.0,69.0,6.0,24.0,1.0,19.0
2018-11-11,175.0,68.0,7.0,24.0,1.5,17.0
2018-11-12,175.0,66.0,10.0,27.0,2.0,16.0
2018-11-13,165.0,46.0,14.0,23.0,1.0,6.0
2018-11-14,93.0,30.0,17.0,26.0,1.0,8.0
2018-11-15,108.0,20.0,15.0,15.0,1.5,6.0
2018-11-16,84.0,34.0,16.0,20.0,2.0,7.0
2018-11-17,120.0,47.0,13.0,22.0,5.0,8.0
2018-11-18,151.0,33.0,18.0,22.0,1.0,7.0
2018-11-19,127.0,39.0,14.0,19.0,2.0,6.0
2018-11-20,142.0,31.0,16.0,20.0,2.0,6.0
2018-11-21,121.0,48.0,12.0,21.0,2.0,7.0
2018-11-22,141.0,65.0,6.0,21.0,1.0,9.0
2018-11-23,162.0,50.0,1.0,20.0,2.0,13.0
2018-11-24,159.0,44.0,2.0,17.0,4.0,13.0
2018-11-25,160.0,26.0,12.0,14.0,2.0,7.0
2018-11-26,99.0,26.0,16.0,22.0,1.0,6.0
2018-11-27,99.0,40.0,17.0,27.0,2.0,8.0
2018-11-28,133.0,44.0,17.0,24.0,2.0,7.0
2018-11-29,128.0,48.0,12.0,30.0,2.0,9.0
2018-11-30,127.0,58.0,8.0,26.0,3.0,11.0
2018-12-01,170.0,60.0,9.0,28.0,4.0,15.0
2018-12-02,172.0,36.0,8.0,31.0,3.0,15.0
2018-12-03,134.0,32.0,11.0,23.0,2.0,11.0
2018-12-04,115.0,42.0,14.0,28.0,4.0,8.0
2018-12-05,115.0,70.0,4.0,34.0,4.0,13.0
2018-12-06,162.0,48.0,5.0,32.0,4.0,14.0
2018-12-07,146.0,30.0,16.0,28.0,3.0,11.0
2018-12-08,97.0,8.0,22.0,22.0,2.0,8.0
2018-12-09,43.0,17.0,19.0,21.0,2.0,6.0
2018-12-10,60.0,22.0,17.0,28.0,4.0,9.0
2018-12-11,102.0,34.0,9.0,24.0,2.0,9.0
2018-12-12,123.0,58.0,13.0,23.0,5.0,10.0
2018-12-13,152.0,30.0,10.0,21.0,3.0,8.0
2018-12-14,113.0,19.0,13.0,16.0,3.0,7.0
2018-12-15,93.0,37.0,13.0,23.0,4.0,10.0
2018-12-16,130.0,86.0,2.0,30.0,7.0,19.0
2018-12-17,203.0,79.0,2.0,29.0,10.0,16.0
2018-12-18,185.0,59.0,13.0,23.0,4.0,11.0
2018-12-19,159.0,67.0,4.0,37.0,7.0,15.0
2018-12-20,176.0,52.0,11.0,38.0,5.0,17.0
2018-12-21,147.0,10.0,17.0,18.0,3.0,7.0
2018-12-22,54.0,19.0,13.0,18.0,3.0,7.0
2018-12-23,97.0,11.0,17.0,12.0,2.0,5.0
2018-12-24,61.0,18.0,20.0,10.0,2.0,5.0
2018-12-25,92.0,20.0,16.0,10.0,3.0,5.0
2018-12-26,97.0,18.0,12.0,16.0,3.0,7.0
2018-12-27,90.0,23.0,11.0,18.0,4.0,7.0
2018-12-28,99.0,17.0,13.0,19.0,3.0,7.0
2018-12-29,90.0,15.0,13.0,15.0,4.0,7.0
2018-12-30,87.0,19.0,16.5,15.0,3.0,6.5
2018-12-31,85.5,23.0,20.0,15.0,2.0,6.0
2019-01-01,84.0,10.0,24.0,15.0,2.0,5.0
2019-01-02,44.0,11.0,23.0,20.0,2.0,5.0
2019-01-03,52.0,25.0,23.0,25.0,2.0,7.0
2019-01-04,107.0,15.0,17.0,20.0,3.0,7.0
2019-01-05,77.0,10.0,22.0,16.0,1.0,5.0
2019-01-06,59.0,38.0,18.0,27.0,8.0,10.0
2019-01-07,132.0,42.0,12.0,30.0,4.0,13.0
2019-01-08,131.0,33.0,10.0,31.0,4.0,11.0
2019-01-09,124.0,59.0,10.0,26.0,5.0,11.0
2019-01-10,169.0,53.0,11.0,26.0,9.0,10.0
2019-01-11,163.0,24.0,15.0,22.0,5.0,8.0
2019-01-12,118.0,7.0,15.0,18.0,3.0,7.0
2019-01-13,58.0,10.0,21.0,14.0,3.0,5.0
2019-01-14,40.0,13.0,21.0,17.0,4.0,6.0
2019-01-15,69.0,18.0,15.0,20.0,3.0,7.0
2019-01-16,89.0,27.0,19.0,33.0,3.0,13.0
2019-01-17,107.0,12.0,19.0,20.0,3.0,6.0
2019-01-18,56.0,41.0,17.0,29.0,4.0,10.0
2019-01-19,113.0,73.0,9.0,27.0,5.0,14.0
2019-01-20,178.0,87.0,2.0,29.0,11.0,15.0
2019-01-21,186.0,91.0,12.0,30.0,6.0,14.0
2019-01-22,176.0,35.0,18.0,21.0,4.0,8.0
2019-01-23,122.0,27.0,19.0,21.0,4.0,8.0
2019-01-24,95.0,42.0,17.0,24.0,7.0,9.0
2019-01-25,128.0,48.0,11.0,25.0,6.0,9.0
2019-01-26,146.0,42.0,16.0,28.0,5.0,12.0
2019-01-27,134.0,60.0,5.0,35.0,5.0,17.0
2019-01-28,160.0,31.0,7.0,28.0,4.0,10.0
2019-01-29,92.0,42.0,11.0,28.0,6.0,11.0
2019-01-30,126.0,74.0,9.0,32.0,12.0,15.0
2019-01-31,168.0,59.0,19.0,32.0,5.0,13.0
2019-02-01,142.0,24.0,19.0,30.0,5.0,10.0
2019-02-02,79.0,47.0,8.0,20.0,6.0,12.0
2019-02-03,143.0,25.0,8.0,21.0,5.0,9.0
2019-02-04,91.0,43.0,13.0,27.0,6.0,9.0
2019-02-05,125.0,55.0,15.0,33.0,6.0,9.0
2019-02-06,135.0,76.0,7.0,38.0,5.0,9.0
2019-02-07,168.0,65.0,8.0,38.0,7.0,9.0
2019-02-08,161.0,60.0,16.0,33.0,4.0,9.0
2019-02-09,150.0,36.0,25.0,35.0,3.0,9.0
2019-02-10,115.0,14.0,17.0,23.0,3.0,9.0
2019-02-11,56.0,16.0,18.0,16.0,3.0,9.0
2019-02-12,52.0,26.0,15.0,21.0,4.0,9.0
2019-02-13,86.0,35.0,12.0,21.0,5.0,9.0
2019-02-14,105.0,44.0,13.0,31.0,5.0,9.0
2019-02-15,127.0,59.0,17.0,32.0,6.0,9.0
2019-02-16,144.0,65.0,19.0,31.0,8.0,9.0
2019-02-17,151.0,94.0,12.0,42.0,6.0,9.0
2019-02-18,166.0,82.0,19.0,33.0,6.0,9.0
2019-02-19,168.0,37.0,14.0,22.0,4.0,9.0
2019-02-20,104.0,37.0,17.0,22.0,5.0,9.0
2019-02-21,97.0,14.0,23.0,20.0,1.0,9.0
2019-02-22,55.0,20.0,21.0,24.0,3.0,9.0
2019-02-23,74.0,56.0,16.0,26.0,8.0,9.0
2019-02-24,149.0,56.0,14.0,27.0,8.0,9.0
2019-02-25,132.0,40.0,18.0,23.0,4.0,9.0
2019-02-26,103.0,50.0,15.0,28.0,6.0,9.0
2019-02-27,131.0,45.0,20.0,24.0,6.0,9.0
2019-02-28,112.0,54.0,13.0,23.0,4.0,9.0
2019-03-01,134.0,34.0,19.0,27.0,5.0,9.0
2019-03-02,99.0,41.0,16.0,22.0,4.0,9.0
2019-03-03,107.0,25.0,21.0,29.0,3.0,9.0
2019-03-04,53.0,15.0,22.0,19.0,3.0,9.0
2019-03-05,43.0,26.0,20.0,28.0,3.0,9.0
2019-03-06,80.0,30.0,21.0,35.0,3.0,9.0
2019-03-07,82.0,16.0,22.0,25.0,3.0,9.0
2019-03-08,40.0,13.0,22.0,21.0,3.0,9.0
2019-03-09,48.0,8.0,25.0,15.0,2.0,9.0
2019-03-10,29.0,14.0,23.0,22.0,2.0,9.0
2019-03-11,50.0,24.0,19.0,26.0,3.0,9.0
2019-03-12,80.0,30.0,18.0,33.0,3.0,9.0
2019-03-13,70.0,14.0,18.0,31.0,3.0,9.0
2019-03-14,61.0,11.0,20.0,23.0,3.0,9.0
2019-03-15,43.0,13.0,24.0,14.0,3.0,9.0
2019-03-16,39.0,20.0,28.0,33.0,3.0,9.0
2019-03-17,62.0,20.0,21.0,29.0,3.0,9.0
2019-03-18,63.0,39.0,18.0,30.0,4.0,9.0
2019-03-19,90.0,69.0,20.0,33.0,5.0,9.0
2019-03-20,138.0,64.0,16.0,34.0,6.0,9.0
2019-03-21,144.0,58.0,12.0,30.0,8.0,9.0
2019-03-22,138.0,46.0,18.0,26.0,2.0,9.0
2019-03-23,125.0,40.0,22.0,22.0,4.0,6.0
2019-03-24,113.0,25.0,19.0,24.0,3.0,5.0
2019-03-25,79.0,21.0,22.0,18.0,3.0,4.0
2019-03-26,69.0,27.0,23.0,28.0,4.0,5.0
2019-03-27,76.0,48.0,9.0,29.0,4.0,8.0
2019-03-28,122.0,56.0,24.0,31.0,3.0,9.0
2019-03-29,144.0,61.0,29.0,34.0,5.0,10.0
2019-03-30,145.0,45.0,42.0,26.0,4.0,7.0
2019-03-31,118.0,18.0,37.0,23.0,3.0,4.0
2019-04-01,53.0,32.0,40.0,25.0,3.0,4.0
2019-04-02,73.0,43.0,42.0,35.0,3.0,6.0
2019-04-03,106.0,50.0,44.0,42.0,4.0,7.0
2019-04-04,122.0,44.0,41.0,40.0,4.0,8.0
2019-04-05,107.0,42.0,26.0,27.0,3.0,7.0
2019-04-06,116.0,30.0,39.0,28.0,3.0,7.0
2019-04-07,92.0,39.0,42.0,35.0,4.0,8.0
2019-04-08,124.0,42.0,46.0,34.0,4.0,6.0
2019-04-09,120.0,30.0,31.0,26.0,3.0,5.0
2019-04-10,85.0,31.0,30.0,29.0,3.0,6.0
2019-04-11,93.0,21.0,25.0,30.0,2.0,6.0
2019-04-12,84.0,34.0,25.0,27.0,2.0,6.0
2019-04-13,110.0,28.0,40.0,30.0,3.0,6.0
2019-04-14,89.0,28.0,41.0,37.0,4.0,6.0
2019-04-15,79.0,29.0,42.0,36.0,2.0,6.0
2019-04-16,92.0,33.0,31.0,36.0,2.0,7.0
2019-04-17,93.0,38.0,45.0,38.0,2.0,8.0
2019-04-18,106.0,43.0,49.0,37.0,2.0,7.0
2019-04-19,100.0,32.0,48.0,25.0,2.0,7.0
2019-04-20,85.0,20.0,43.0,21.0,2.0,6.73
2019-04-21,68.0,21.0,40.0,17.0,2.0,6.45
2019-04-22,68.0,24.0,41.0,19.0,1.0,6.18
2019-04-23,64.0,27.0,38.0,27.0,1.0,5.91
2019-04-24,69.0,35.0,35.0,39.0,1.0,5.64
2019-04-25,74.0,48.0,32.0,41.0,1.0,5.36
2019-04-26,80.0,27.0,19.0,22.0,2.0,5.09
2019-04-27,74.0,19.0,19.0,16.0,1.0,4.82
2019-04-28,78.0,12.0,21.0,22.0,2.0,4.54
2019-04-29,62.0,14.0,13.0,24.0,2.0,4.27
2019-04-30,67.0,23.0,43.0,17.0,2.0,4.0
2019-05-01,72.0,27.0,45.0,23.0,2.0,4.0
2019-05-02,73.0,28.0,28.0,19.0,3.0,5.0
2019-05-03,84.0,20.0,38.0,21.0,2.0,4.0
2019-05-04,65.0,12.0,27.0,20.0,1.0,4.0
2019-05-05,50.0,15.0,28.0,28.0,2.0,5.0
2019-05-06,46.0,22.0,31.0,24.0,2.0,4.0
2019-05-07,60.0,31.0,39.0,29.0,2.0,6.0
2019-05-08,88.0,24.0,31.0,35.0,2.0,7.0
2019-05-09,83.0,19.0,27.0,25.0,2.0,6.0
2019-05-10,64.0,18.0,43.0,26.0,2.0,6.0
2019-05-11,56.0,20.0,28.0,16.0,2.0,5.0
2019-05-12,75.0,13.0,27.0,24.0,1.0,4.0
2019-05-13,38.0,7.0,24.0,25.0,1.0,5.0
2019-05-14,43.0,7.0,11.0,19.0,1.0,6.0
2019-05-15,45.0,17.0,26.0,23.0,2.0,6.0
2019-05-16,66.0,26.0,31.0,27.0,3.0,6.0
2019-05-17,81.0,19.0,40.0,22.0,2.0,6.0
2019-05-18,59.0,16.0,32.0,25.0,2.0,7.0
2019-05-19,62.0,18.0,36.0,30.0,2.0,5.0
2019-05-20,51.0,18.0,25.0,24.0,2.0,5.0
2019-05-21,56.0,10.0,27.0,21.0,2.0,5.0
2019-05-22,45.0,8.0,14.0,20.0,2.0,6.0
2019-05-23,42.0,29.0,12.0,22.0,2.0,7.0
2019-05-24,100.0,26.0,48.0,24.0,3.0,7.0
2019-05-25,76.0,28.0,47.0,26.0,2.0,6.0
2019-05-26,86.0,24.0,37.0,33.0,2.0,6.0
2019-05-27,67.0,19.0,25.0,25.0,2.0,6.0
2019-05-28,59.0,14.0,17.0,20.0,2.0,5.0
2019-05-29,53.0,17.0,20.0,24.0,1.0,5.0
2019-05-30,46.0,34.0,40.0,30.0,3.0,6.0
2019-05-31,63.0,25.0,33.0,27.0,2.0,7.0
2019-06-01,64.0,17.0,41.0,22.0,2.0,5.0
2019-06-02,54.0,21.0,38.0,28.0,2.0,5.0
2019-06-03,46.0,36.5,44.0,31.0,2.0,6.0
2019-06-04,55.0,52.0,40.0,24.0,3.0,5.0
2019-06-05,58.0,20.0,40.0,28.0,2.0,5.0
2019-06-06,48.0,23.0,44.0,30.0,2.0,6.0
2019-06-07,56.0,26.0,46.0,22.0,2.0,5.0
2019-06-08,52.0,16.0,45.0,21.0,2.0,4.0
2019-06-09,36.0,38.0,42.0,27.0,2.0,5.0
2019-06-10,55.0,38.0,45.0,31.0,2.0,6.0
2019-06-11,52.0,31.0,45.0,33.0,2.0,6.0
2019-06-12,46.0,37.0,47.0,32.0,2.0,6.0
2019-06-13,51.0,40.0,49.0,33.0,2.0,7.0
2019-06-14,58.0,41.0,48.0,32.0,2.0,6.0
2019-06-15,54.0,25.0,49.0,22.0,2.0,5.0
2019-06-16,47.0,21.0,37.0,28.0,2.0,5.0
2019-06-17,32.0,31.0,44.0,27.0,2.0,5.0
2019-06-18,51.0,29.0,43.0,33.0,2.0,6.0
2019-06-19,54.0,15.0,37.0,19.0,2.0,5.0
2019-06-20,46.0,23.0,47.0,23.0,3.0,5.0
2019-06-21,54.0,18.0,38.0,21.0,2.0,5.0
2019-06-22,55.0,13.0,41.0,18.0,3.0,4.0
2019-06-23,26.0,16.0,40.0,25.0,2.0,5.0
2019-06-24,38.0,28.0,45.0,28.0,2.0,6.0
2019-06-25,61.0,29.0,47.0,30.0,2.0,6.0
2019-06-26,61.0,32.0,48.0,29.0,2.0,5.0
2019-06-27,45.0,21.0,36.0,24.0,2.0,4.0
2019-06-28,45.0,17.0,48.0,26.0,2.0,4.0
2019-06-29,34.0,18.0,44.0,25.0,3.0,5.0
2019-06-30,40.0,25.0,67.0,25.0,3.0,4.0
2019-07-01,44.0,23.0,47.0,24.0,3.0,3.0
2019-07-02,46.0,24.0,38.0,22.0,3.0,3.0
2019-07-03,33.0,22.0,42.0,28.0,3.0,3.0
2019-07-04,38.0,27.0,39.0,26.0,3.0,3.0
2019-07-05,41.0,23.0,50.0,26.0,3.0,3.0
2019-07-06,39.0,18.0,40.0,17.0,3.0,3.0
2019-07-07,50.0,19.0,33.0,17.0,3.0,2.0
2019-07-08,23.0,20.0,32.0,21.0,3.0,2.0
2019-07-09,31.0,21.0,28.0,19.0,3.0,2.0
2019-07-10,29.0,15.0,25.0,23.0,3.0,3.0
2019-07-11,47.0,17.0,37.0,26.0,3.0,3.0
2019-07-12,45.0,17.0,31.0,24.0,3.0,4.0
2019-07-13,66.0,18.0,23.0,18.0,2.0,3.0
2019-07-14,54.0,17.0,36.0,26.0,2.0,4.0
2019-07-15,40.0,23.0,32.0,20.0,3.0,3.0
2019-07-16,59.0,18.0,27.0,21.0,3.0,3.0
2019-07-17,41.0,22.0,40.0,30.0,3.0,4.0
2019-07-18,43.0,22.0,44.0,30.0,3.0,4.0
2019-07-19,50.0,18.0,48.0,28.0,2.0,4.0
2019-07-20,51.0,18.0,44.0,20.0,2.0,4.0
2019-07-21,51.0,23.0,38.0,26.0,3.0,4.0
2019-07-22,52.0,17.0,16.0,22.0,2.0,4.0
2019-07-23,58.0,21.0,19.0,21.0,3.0,5.0
2019-07-24,57.0,19.0,35.0,26.0,3.0,4.0
2019-07-25,39.0,27.0,42.0,33.0,3.0,5.0
2019-07-26,51.0,21.0,40.0,24.0,3.0,5.0
2019-07-27,57.0,17.0,46.0,25.0,3.0,4.0
2019-07-28,50.0,21.0,54.0,28.0,3.0,4.0
2019-07-29,48.0,23.0,40.0,22.0,3.0,5.0
2019-07-30,58.0,28.0,29.0,22.0,3.0,5.0
2019-07-31,60.0,25.0,40.0,25.0,3.0,4.0
2019-08-01,55.0,21.0,42.0,31.0,4.0,5.0
2019-08-02,43.0,14.0,29.0,24.0,3.0,4.0
2019-08-03,41.0,17.0,33.0,19.0,3.0,3.0
2019-08-04,35.0,17.0,43.0,26.0,2.0,4.0
2019-08-05,33.0,20.0,45.0,30.0,2.0,4.0
2019-08-06,41.0,20.0,35.0,29.0,2.0,5.0
2019-08-07,44.0,16.0,36.0,28.0,2.0,4.0
2019-08-08,43.0,29.0,41.0,30.0,2.0,5.0
2019-08-09,45.0,20.0,36.0,22.0,2.0,4.0
2019-08-10,37.0,7.0,39.0,21.0,2.0,4.0
2019-08-11,20.0,24.0,44.0,29.0,2.0,5.0
2019-08-12,44.0,18.0,30.0,27.0,2.0,4.0
2019-08-13,37.0,14.0,22.0,27.0,2.0,4.0
2019-08-14,32.0,18.0,42.0,23.0,2.0,4.0
2019-08-15,40.0,18.0,23.0,23.0,2.0,4.0
2019-08-16,44.0,15.0,36.0,21.0,2.0,4.0
2019-08-17,41.0,14.0,28.0,23.0,2.0,5.0
2019-08-18,34.0,19.0,44.0,27.0,2.0,4.0
2019-08-19,31.0,14.0,32.0,23.0,2.0,5.0
2019-08-20,35.0,13.0,23.0,21.0,1.0,4.0
2019-08-21,36.0,15.0,34.0,24.0,1.0,4.0
2019-08-22,33.0,22.0,40.0,27.0,2.0,5.0
2019-08-23,49.0,21.0,42.0,25.0,2.0,5.0
2019-08-24,44.0,23.0,39.0,26.0,2.0,5.0
2019-08-25,50.0,33.0,40.0,30.0,2.0,6.0
2019-08-26,51.0,38.0,36.0,29.0,2.0,6.0
2019-08-27,55.0,30.0,45.0,29.0,2.0,6.0
2019-08-28,52.0,29.0,42.0,30.0,2.0,6.0
2019-08-29,47.0,30.0,58.0,34.0,2.0,6.0
2019-08-30,53.0,25.0,52.0,30.0,2.0,6.0
2019-08-31,50.0,27.0,44.0,27.0,2.0,5.0
2019-09-01,49.0,16.0,30.0,23.0,2.0,4.0
2019-09-02,39.0,15.0,23.0,23.0,2.0,5.0
2019-09-03,33.0,21.0,39.0,26.0,2.0,5.0
2019-09-04,32.0,23.0,37.0,28.0,2.0,5.0
2019-09-05,30.0,21.0,31.0,27.0,2.0,5.0
2019-09-06,24.0,24.0,23.0,25.0,2.0,6.0
2019-09-07,55.0,16.0,35.0,22.0,2.0,5.0
2019-09-08,38.0,17.0,24.0,26.0,2.0,5.0
2019-09-09,46.0,10.0,29.0,26.0,3.0,5.0
2019-09-10,22.0,23.0,38.0,28.0,2.0,6.0
2019-09-11,42.0,27.0,39.0,30.0,2.0,6.0
2019-09-12,49.0,22.0,30.0,27.0,2.0,5.0
2019-09-13,44.0,17.0,28.0,21.0,2.0,4.0
2019-09-14,23.0,18.0,32.0,21.0,3.0,5.0
2019-09-15,36.0,22.0,25.0,24.0,3.0,5.0
2019-09-16,39.0,19.0,24.0,19.0,3.0,4.0
2019-09-17,27.0,17.0,24.0,19.0,3.0,4.0
2019-09-18,22.0,18.0,21.0,23.0,3.0,4.0
2019-09-19,34.0,25.0,19.0,24.0,3.0,5.0
2019-09-20,47.0,31.0,29.0,23.0,3.0,6.0
2019-09-21,49.0,26.0,32.0,24.0,3.0,7.0
2019-09-22,50.0,31.0,21.0,24.0,3.0,7.0
2019-09-23,55.0,47.0,17.0,23.0,3.0,6.0
2019-09-24,64.0,49.0,6.0,25.0,3.0,9.0
2019-09-25,78.0,23.0,21.0,22.0,3.0,6.0
2019-09-26,44.0,22.0,19.0,27.0,3.0,7.0
2019-09-27,41.0,15.0,23.0,20.0,3.0,5.0
2019-09-28,28.0,12.0,24.0,23.0,3.0,6.0
2019-09-29,26.0,15.0,27.0,18.0,3.0,4.0
2019-09-30,17.0,13.0,27.0,27.0,3.0,7.0
2019-10-01,46.0,24.0,15.0,29.0,2.0,8.0
2019-10-02,78.0,18.0,18.0,22.0,1.0,6.0
2019-10-03,74.0,23.0,15.0,24.0,1.0,7.0
2019-10-04,94.0,16.0,19.0,19.0,1.0,7.0
2019-10-05,73.0,15.0,21.0,19.0,1.0,6.0
2019-10-06,60.0,27.0,24.0,25.0,1.0,7.0
2019-10-07,83.0,32.0,19.0,28.0,1.0,9.0
2019-10-08,95.0,17.0,10.0,25.0,1.0,8.0
2019-10-09,69.0,11.0,22.0,21.0,1.0,6.0
2019-10-10,34.0,15.0,21.0,27.0,1.0,8.0
2019-10-11,50.0,22.0,24.0,29.0,1.0,10.0
2019-10-12,61.0,32.0,22.0,26.0,1.0,10.0
2019-10-13,82.0,39.0,21.0,30.0,1.0,12.0
2019-10-14,94.0,47.0,28.0,36.0,1.0,12.0
2019-10-15,107.0,24.0,22.0,25.0,1.0,9.0
2019-10-16,72.0,32.0,28.0,30.0,1.0,10.0
2019-10-17,68.0,42.0,25.0,31.0,2.0,11.0
2019-10-18,98.0,48.0,19.0,27.0,2.0,12.0
2019-10-19,120.0,26.0,24.0,28.0,1.0,11.0
2019-10-20,93.0,36.0,14.0,31.0,2.0,9.0
2019-10-21,81.0,53.0,21.0,30.0,2.0,11.0
2019-10-22,116.0,50.0,8.0,25.0,1.0,10.0
2019-10-23,153.0,51.0,10.0,30.0,1.0,13.0
2019-10-24,140.0,56.0,18.0,29.0,2.0,10.0
2019-10-25,134.0,53.0,19.0,27.0,2.0,11.0
2019-10-26,139.0,39.0,25.0,22.0,2.0,8.0
2019-10-27,105.0,27.0,21.0,24.0,1.0,5.0
2019-10-28,74.0,50.0,13.0,22.0,3.0,7.0
2019-10-29,125.0,23.0,23.0,27.0,1.0,6.0
2019-10-30,73.0,55.0,10.0,26.0,2.0,9.0
2019-10-31,149.0,57.0,9.0,21.0,1.0,9.0
2019-11-01,155.0,40.0,8.0,24.0,3.0,11.0
2019-11-02,120.0,19.0,26.0,20.0,1.0,7.0
2019-11-03,72.0,18.0,17.0,26.0,1.0,8.0
2019-11-04,67.0,31.0,14.0,30.0,1.0,10.0
2019-11-05,76.0,41.0,14.0,28.0,2.0,9.0
2019-11-06,107.0,48.0,7.0,30.0,4.0,14.0
2019-11-07,121.0,39.0,4.0,22.0,1.0,13.0
2019-11-08,130.0,34.0,2.0,19.0,2.0,13.0
2019-11-09,108.0,20.0,8.0,16.0,2.0,9.0
2019-11-10,79.0,26.0,19.0,18.0,1.0,8.0
2019-11-11,81.0,28.0,11.0,31.0,2.0,12.0
2019-11-12,80.0,28.0,16.0,27.0,2.0,11.0
2019-11-13,94.0,24.0,11.0,21.0,2.0,8.0
2019-11-14,79.0,38.0,5.0,18.0,1.0,10.0
2019-11-15,115.0,36.0,16.0,26.0,2.0,13.0
2019-11-16,107.0,30.0,15.0,23.0,2.0,11.0
2019-11-17,97.0,39.0,10.0,35.0,2.0,14.0
2019-11-18,95.0,42.0,6.0,32.0,2.0,14.0
2019-11-19,93.0,36.0,7.0,23.0,2.0,12.0
2019-11-20,125.0,25.0,12.0,22.0,2.0,8.0
2019-11-21,79.0,26.0,6.0,15.0,3.0,9.0
2019-11-22,76.0,34.0,4.0,16.0,1.0,10.0
2019-11-23,116.0,29.0,7.0,15.0,1.0,17.0
2019-11-24,130.0,38.0,3.0,14.0,2.0,10.0
2019-11-25,123.0,43.0,2.0,15.0,2.0,11.0
2019-11-26,130.0,41.0,2.0,20.0,2.0,13.0
2019-11-27,133.0,82.0,1.0,30.0,4.0,23.0
2019-11-28,165.0,19.0,16.0,25.0,2.0,9.0
2019-11-29,64.0,25.0,22.0,21.0,3.0,8.0
2019-11-30,69.0,46.0,17.0,29.0,4.0,12.0
2019-12-01,123.0,48.0,13.0,26.0,4.0,11.0
2019-12-02,133.0,34.0,16.0,28.0,2.0,9.0
2019-12-03,97.0,67.0,6.0,35.0,3.0,14.0
2019-12-04,164.0,67.0,3.0,33.0,5.0,16.0
2019-12-05,162.0,46.0,8.0,30.0,5.0,12.0
2019-12-06,132.0,33.0,11.0,24.0,5.0,10.0
2019-12-07,101.0,14.0,20.0,29.0,3.0,10.0
2019-12-08,53.0,30.0,12.0,36.0,3.0,12.0
2019-12-09,76.0,29.0,15.0,23.0,3.0,9.0
2019-12-10,75.0,43.0,14.0,29.0,3.0,10.0
2019-12-11,101.0,72.0,2.0,38.0,4.0,17.0
2019-12-12,158.0,37.0,2.0,35.0,5.0,13.0
2019-12-13,95.0,16.0,20.0,32.0,4.0,10.0
2019-12-14,51.0,15.0,26.0,31.0,3.0,9.0
2019-12-15,50.0,40.0,18.0,33.0,2.0,13.0
2019-12-16,92.0,81.0,1.0,31.0,2.0,22.0
2019-12-17,171.0,70.0,2.0,36.0,2.0,22.0
2019-12-18,163.0,62.0,2.0,27.0,1.5,19.0
2019-12-19,160.0,45.0,20.0,40.0,1.0,16.0
2019-12-20,107.0,25.0,23.0,30.0,1.0,10.0
2019-12-21,69.0,28.0,12.0,19.0,1.0,9.0
2019-12-22,81.0,26.0,10.0,22.0,1.0,10.0
2019-12-23,71.0,20.0,19.0,13.0,1.0,7.0
2019-12-24,44.0,30.0,13.0,16.0,1.0,9.0
2019-12-25,88.0,17.0,17.0,12.0,1.0,7.0
2019-12-26,52.0,14.0,14.0,17.0,2.0,7.0
2019-12-27,48.0,8.0,16.0,13.0,3.0,6.0
2019-12-28,31.0,14.0,11.0,25.0,4.0,10.5
2019-12-29,31.0,14.0,11.0,25.0,4.0,10.5
2019-12-30,55.0,21.0,8.5,31.0,0,45,13.5
2019-12-31,86.0,28.0,6.0,37.0,5.0,15.0
2020-01-01,86.0,28.0,6.0,37.0,5.0,15.0
2020-01-02,141.0,56.0,22.0,33.0,5.0,18.0
2020-01-03,186.0,76.0,24.0,13.0,3.0,4.0
2020-01-04,126.0,16.0,26.0,12.0,1.0,4.0
2020-01-05,66.0,16.0,15.0,23.0,2.0,8.0
2020-01-06,129.0,47.0,8.0,29.0,3.0,10.0
2020-01-07,137.0,57.0,13.0,27.0,4.0,9.0
2020-01-08,127.0,45.0,3.0,27.0,2.0,10.0
2020-01-09,106.0,36.0,9.0,28.0,6.0,10.0
2020-01-10,141.0,51.0,13.0,17.0,2.0,5.0
2020-01-11,75.0,23.0,17.0,22.0,2.0,7.0
2020-01-12,80.0,23.0,10.0,28.0,3.0,9.0
2020-01-13,94.0,39.0,2.0,25.0,2.0,14.0
2020-01-14,165.0,69.0,4.0,32.0,4.0,15.0
2020-01-15,159.0,68.0,2.0,32.0,4.0,16.0
2020-01-16,161.0,67.0,3.0,26.0,1.0,14.0
2020-01-17,149.0,45.0,5.0,24.0,6.0,13.0
2020-01-18,150.0,59.0,14.0,21.0,3.0,10.0
2020-01-19,122.0,46.0,18.0,24.0,2.0,6.0
2020-01-20,86.0,34.0,20.0,23.0,4.0,7.0
2020-01-21,91.0,33.0,13.0,20.0,4.0,7.0
2020-01-22,92.0,35.0,16.0,31.0,3.0,8.0
2020-01-23,92.0,36.0,17.0,30.0,5.0,13.0
2020-01-24,147.0,58.0,13.0,23.0,6.0,9.0
2020-01-25,125.0,47.0,9.0,22.0,7.0,10.0
2020-01-26,153.0,58.0,6.0,31.0,7.0,14.0
2020-01-27,160.0,67.0,19.0,35.0,3.0,19.0
2020-01-28,142.0,45.0,25.0,18.0,3.0,6.0
2020-01-29,42.0,14.0,22.0,21.0,2.0,6.0
2020-01-30,48.0,16.0,20.0,23.0,3.0,6.0
2020-01-31,45.0,18.0,24.0,20.0,2.0,7.0
2020-02-01,41.0,12.0,27.0,14.0,2.0,5.0
2020-02-02,28.0,11.0,18.0,22.0,2.0,6.0
2020-02-03,46.0,15.0,25.0,23.0,1.0,6.0
2020-02-04,34.0,13.0,24.0,19.0,1.0,5.0
2020-02-05,30.0,12.0,13.0,20.0,4.0,5.0
2020-02-06,86.0,38.0,23.0,28.0,2.0,6.0
2020-02-07,62.0,28.0,17.0,31.0,2.0,9.0
2020-02-08,113.0,49.0,1.0,22.0,1.0,16.0
2020-02-09,187.0,56.0,2.2666666666666666,22.6,1.0666666666666667,15.4
2020-02-10,178.93333333333334,15.0,3.533333333333333,23.2,1.1333333333333333,14.8
2020-02-11,170.86666666666667,10.0,4.8,23.8,1.2,14.2
2020-02-12,162.8,11.0,6.066666666666666,24.4,1.2666666666666666,13.6
2020-02-13,154.73333333333335,23.0,7.333333333333333,25.0,1.3333333333333333,13.0
2020-02-14,146.66666666666669,23.0,8.6,25.6,1.4,12.4
2020-02-15,138.6,28.0,9.866666666666667,26.2,1.4666666666666668,11.8
2020-02-16,130.53333333333333,39.0,11.133333333333333,26.8,1.5333333333333332,11.2
2020-02-17,122.46666666666667,39.0,12.399999999999999,27.4,1.6,10.600000000000001
2020-02-18,114.4,20.0,13.666666666666666,28.0,1.6666666666666665,10.0
2020-02-19,106.33333333333334,19.0,14.933333333333334,28.6,1.7333333333333334,9.4
2020-02-20,98.26666666666667,29.0,16.2,29.2,1.8,8.8
2020-02-21,90.2,30.0,17.466666666666665,29.8,1.8666666666666667,8.2
2020-02-22,82.13333333333334,26.0,18.733333333333334,30.4,1.9333333333333333,7.6
2020-02-23,74.06666666666666,8.0,20.0,31.0,2.0,7.0
2020-02-24,66.0,18.0,20.0,28.0,1.0,7.0
2020-02-25,54.0,19.0,25.0,25.0,2.0,6.0
2020-02-26,43.0,16.0,23.0,26.0,1.0,6.0
2020-02-27,52.0,21.0,20.0,25.0,2.0,7.0
2020-02-28,78.0,30.0,27.0,29.0,1.0,6.0
2020-02-29,56.0,23.0,26.0,29.0,1.0,7.0
2020-03-01,58.0,20.0,21.0,31.0,2.0,8.0
2020-03-02,61.0,23.0,15.0,25.0,2.0,8.0
2020-03-03,63.0,22.0,18.0,25.0,2.0,5.0
2020-03-04,69.0,27.0,33.0,31.0,1.0,8.0
2020-03-05,106.0,47.0,19.0,36.0,2.0,9.0
2020-03-06,84.0,36.0,19.0,20.0,2.0,6.0
2020-03-07,57.0,20.0,24.0,23.0,2.0,6.0
2020-03-08,78.0,33.0,30.0,32.0,1.0,10.0
2020-03-09,102.0,49.0,25.0,32.0,3.0,9.0
2020-03-10,14.0,45.0,25.0,18.0,1.0,5.0
2020-03-11,49.0,12.0,27.0,20.0,1.0,6.0
2020-03-12,51.0,18.0,27.0,19.0,1.0,4.0
2020-03-13,39.0,15.0,33.0,13.0,1.0,3.0
2020-03-14,37.0,13.0,35.0,16.0,1.0,4.0
2020-03-15,66.0,21.0,29.0,25.0,2.0,6.0
2020-03-16,88.0,33.0,32.0,29.0,4.0,8.0
2020-03-17,115.0,48.0,35.0,30.0,3.0,9.0
2020-03-18,127.0,61.0,38.0,26.0,1.0,9.0
2020-03-19,119.0,52.0,23.0,22.0,1.0,5.0
2020-03-20,100.0,43.0,27.0,11.0,1.0,3.0
2020-03-21,48.0,15.0,29.0,7.0,1.0,3.0
2020-03-22,40.0,13.0,34.0,14.0,1.0,4.0
2020-03-23,62.0,21.0,35.0,17.0,1.0,4.0
2020-03-24,66.0,23.0,38.0,17.0,1.0,4.0
2020-03-25,76.0,31.0,37.0,23.0,2.0,5.0
2020-03-26,88.0,36.0,43.0,27.0,2.0,5.0
2020-03-27,105.0,44.0,45.0,29.0,2.0,6.0
2020-03-28,130.0,51.0,37.0,11.0,4.0,6.0
2020-03-29,138.0,56.0,29.0,17.0,1.0,4.0
2020-03-30,47.0,16.0,28.0,21.0,2.0,6.0
2020-03-31,115.0,42.0,35.0,20.0,3.0,6.0
2020-04-01,120.0,43.0,41.0,26.0,2.0,7.0
2020-04-02,106.0,43.0,34.0,20.0,2.0,6.0
2020-04-03,93.0,35.0,39.0,19.0,2.0,5.0
2020-04-04,88.0,36.0,43.0,13.0,1.0,5.0
2020-04-05,92.0,30.0,44.0,32.0,1.0,6.0
2020-04-06,80.0,45.0,42.0,30.0,1.0,7.0
2020-04-07,96.0,44.0,44.0,32.0,1.0,7.0
2020-04-08,95.0,42.0,48.0,25.0,1.0,6.0
2020-04-09,94.0,26.0,37.0,21.0,1.0,4.0
2020-04-10,50.0,36.0,44.0,17.0,1.0,5.0
2020-04-11,83.0,23.0,45.0,14.0,1.0,5.0
2020-04-12,58.0,24.0,42.0,7.0,1.0,4.0
2020-04-13,64.0,22.0,31.0,11.0,1.0,3.0
2020-04-14,35.0,33.0,35.0,16.0,2.0,4.0
2020-04-15,66.0,32.0,43.0,21.0,1.0,5.0
2020-04-16,61.0,33.0,38.0,25.0,1.0,5.0
2020-04-17,63.0,25.0,43.0,18.0,1.0,4.0
2020-04-18,51.0,16.0,39.0,12.0,1.0,4.0
2020-04-19,41.0,21.0,37.0,21.0,1.0,5.0
2020-04-20,50.0,26.0,38.0,21.0,1.0,5.0
2020-04-21,69.0,24.0,42.0,25.0,1.0,5.0
2020-04-22,61.0,30.0,44.0,28.0,1.0,6.0
2020-04-23,63.0,37.0,46.0,23.0,1.0,6.0
2020-04-24,75.0,32.0,36.0,12.0,1.0,4.0
2020-04-25,62.0,21.0,37.0,14.0,1.0,4.0
2020-04-26,44.0,31.0,42.0,27.0,1.0,6.0
2020-04-27,64.0,28.0,42.0,29.0,1.0,7.0
2020-04-28,65.0,28.0,40.0,18.0,1.0,6.0
2020-04-29,71.0,28.0,41.0,21.0,1.0,5.0
2020-04-30,86.0,19.0,24.0,14.0,1.0,5.0
2020-05-01,68.0,16.0,33.0,11.0,1.0,5.0
2020-05-02,49.0,15.0,32.0,10.0,1.0,4.0
2020-05-03,50.0,27.0,36.0,22.0,1.0,6.0
2020-05-04,75.0,19.0,33.0,20.0,1.0,5.0
2020-05-05,48.0,19.0,25.0,16.0,1.0,5.0
2020-05-06,67.0,25.0,31.0,20.0,1.0,5.0
2020-05-07,59.0,34.0,42.0,25.0,1.0,6.0
2020-05-08,78.0,26.0,58.0,26.0,1.0,7.0
2020-05-09,64.0,21.0,44.0,24.0,1.0,6.0
2020-05-10,57.0,22.0,39.0,22.0,1.0,6.0
2020-05-11,44.0,11.0,28.0,18.0,1.0,5.0
2020-05-12,26.0,19.0,23.0,20.0,1.0,5.0
2020-05-13,50.0,16.0,26.0,23.0,1.0,4.0
2020-05-14,51.0,25.0,25.0,24.0,1.0,6.0
2020-05-15,90.0,30.0,38.0,17.0,1.0,4.0
2020-05-16,75.0,24.0,38.0,17.0,1.0,4.0
2020-05-17,71.0,26.0,37.0,26.0,1.0,5.0
2020-05-18,59.0,25.0,40.0,22.0,1.0,4.0
2020-05-19,59.0,14.0,33.0,22.0,1.0,3.0
2020-05-20,25.0,13.0,32.0,23.0,1.0,3.0
2020-05-21,27.0,19.0,33.0,25.0,1.0,4.0
2020-05-22,33.0,20.0,39.0,22.0,1.0,3.0
2020-05-23,46.0,13.0,28.0,9.0,1.0,2.0
2020-05-24,29.0,11.0,18.0,19.0,1.0,4.0
2020-05-25,41.0,11.0,22.0,22.0,1.0,5.0
2020-05-26,48.0,18.0,24.0,23.0,1.0,4.0
2020-05-27,61.0,20.0,34.0,22.0,1.0,4.0
2020-05-28,61.0,16.0,26.0,23.0,1.0,3.0
2020-05-29,35.0,14.0,22.0,15.0,1.0,3.0
2020-05-30,37.0,13.0,21.0,14.0,1.0,4.0
2020-05-31,18.0,19.0,31.0,22.0,1.0,5.0
2020-06-01,29.0,15.0,31.0,24.0,1.0,4.0
2020-06-02,37.0,20.0,28.0,23.0,1.0,4.0
2020-06-03,51.0,21.0,35.0,26.0,1.0,5.0
2020-06-04,54.0,9.0,25.0,26.0,1.0,5.0
2020-06-05,34.0,10.0,25.0,20.0,1.0,4.0
2020-06-06,26.0,17.0,32.0,17.0,1.0,4.0
2020-06-07,53.0,16.0,20.0,17.0,1.0,4.0
2020-06-08,61.0,15.0,19.0,23.0,1.0,5.0
2020-06-09,60.0,20.0,25.0,25.0,1.0,6.0
2020-06-10,79.0,16.0,32.0,13.0,1.0,4.0
2020-06-11,65.0,24.0,31.0,21.0,1.0,5.0
2020-06-12,71.0,25.0,37.0,18.0,1.0,5.0
2020-06-13,65.0,16.0,22.0,12.0,1.0,3.0
2020-06-14,54.0,14.0,29.0,24.0,1.0,4.0
2020-06-15,47.0,19.0,26.0,26.0,1.0,5.0
2020-06-16,58.0,20.0,24.0,21.0,1.0,5.0
2020-06-17,67.0,23.0,35.0,23.0,1.0,5.0
2020-06-18,74.0,20.0,27.0,20.0,1.0,5.0
2020-06-19,66.0,9.0,19.0,12.0,1.0,3.0
2020-06-20,44.0,12.0,17.0,9.0,1.0,3.0
2020-06-21,46.0,12.0,21.0,15.0,1.0,4.0
2020-06-22,48.0,15.0,30.0,21.0,1.0,3.0
2020-06-23,33.0,18.0,19.0,19.0,1.0,4.0
2020-06-24,56.0,19.0,30.0,22.0,1.0,4.0
2020-06-25,62.0,20.0,29.0,23.0,1.0,5.0
2020-06-26,56.0,16.0,33.0,21.0,1.0,4.0
2020-06-27,56.0,14.0,37.0,19.0,1.0,4.0
2020-06-28,41.0,15.0,27.0,22.0,1.0,5.0
2020-06-29,49.0,14.0,30.0,21.0,1.0,4.0
2020-06-30,34.0,17.0,32.0,25.0,1.0,4.0
2020-07-01,38.0,12.0,30.0,23.0,1.0,4.0
2020-07-02,38.0,16.0,20.0,18.0,1.0,4.0
2020-07-03,57.0,19.0,37.0,19.0,1.0,4.0
2020-07-04,53.0,17.0,31.0,16.0,1.0,4.0
2020-07-05,46.0,14.0,22.0,17.0,1.0,4.0
2020-07-06,35.0,16.0,22.0,17.0,1.0,3.0
2020-07-07,30.0,14.0,22.0,21.0,1.0,3.0
2020-07-08,40.0,13.0,27.0,22.0,1.0,4.0
2020-07-09,45.0,21.0,32.0,28.0,1.0,5.0
2020-07-10,51.0,10.0,22.0,16.0,1.0,3.0
2020-07-11,31.0,11.0,22.0,16.0,1.0,3.0
2020-07-12,29.0,15.0,18.0,18.0,1.0,4.0
2020-07-13,35.0,14.0,31.0,27.0,1.0,4.0
2020-07-14,29.0,14.0,33.0,25.0,1.0,4.0
2020-07-15,43.0,13.0,21.0,24.0,1.0,5.0
2020-07-16,50.0,16.0,24.0,23.0,1.0,4.0
2020-07-17,60.0,15.0,24.0,21.0,1.0,5.0
2020-07-18,60.0,14.0,33.0,18.0,1.0,4.0
2020-07-19,52.0,15.0,33.0,21.0,1.0,4.0
2020-07-20,48.0,23.0,25.0,19.0,1.0,4.0
2020-07-21,65.0,21.0,36.0,27.5,1.0,5.0
2020-07-22,55.0,22.0,34.0,36.0,1.0,6.0
2020-07-23,45.0,20.0,41.0,25.0,1.0,4.0
2020-07-24,53.0,19.0,41.0,23.0,1.0,4.0
2020-07-25,52.0,14.0,37.0,19.0,1.0,4.0
2020-07-26,47.0,19.0,37.0,26.0,1.0,5.0
2020-07-27,50.0,20.0,30.0,28.0,1.0,5.0
2020-07-28,48.0,20.0,40.0,25.0,1.0,4.0
2020-07-29,53.0,24.0,45.0,28.0,1.0,5.0
2020-07-30,57.0,23.0,37.0,26.0,1.0,4.0
2020-07-31,48.0,15.0,29.0,20.0,1.0,4.0
2020-08-01,41.0,14.0,34.0,19.0,1.0,4.0
2020-08-02,44.0,19.0,32.0,25.0,1.0,5.0
2020-08-03,52.0,19.0,22.0,19.0,1.0,5.0
2020-08-04,65.0,13.0,21.0,19.0,1.0,4.0
2020-08-05,43.0,20.0,35.0,25.0,1.0,5.0
2020-08-06,60.0,31.0,49.0,30.0,1.0,6.0
2020-08-07,77.0,31.0,43.0,24.0,1.0,5.0
2020-08-08,82.0,22.0,37.0,21.0,1.0,5.0
2020-08-09,67.0,16.0,38.0,26.0,1.0,5.0
2020-08-10,63.0,18.0,33.0,25.0,1.0,5.0
2020-08-11,54.0,20.0,39.0,28.0,1.0,5.0
2020-08-12,47.0,21.0,45.0,32.0,1.0,5.0
2020-08-13,53.0,21.0,47.0,33.0,1.0,5.0
2020-08-14,59.0,22.0,38.0,20.0,1.0,4.0
2020-08-15,58.0,16.0,37.0,17.0,1.0,4.0
2020-08-16,47.0,13.0,29.0,22.0,1.0,5.0
2020-08-17,53.0,16.0,19.0,23.0,1.0,5.0
2020-08-18,52.75,22.0,19.0,22.0,1.0,6.0
2020-08-19,52.5,25.0,35.0,28.0,1.0,5.0
2020-08-20,52.25,21.0,36.0,31.0,1.0,6.0
2020-08-21,52.0,16.0,37.0,21.0,1.0,5.0
2020-08-22,52.0,10.0,24.0,17.0,1.0,4.0
2020-08-23,42.0,16.0,30.0,24.0,1.0,4.0
2020-08-24,43.0,18.0,26.0,25.0,1.0,5.0
2020-08-25,47.0,17.0,28.0,24.0,1.0,5.0
2020-08-26,40.0,14.0,22.0,19.0,1.0,3.0
2020-08-27,24.0,16.0,29.0,27.0,1.0,5.0
2020-08-28,41.0,15.0,30.0,20.0,1.0,5.0
2020-08-29,47.0,15.0,34.0,23.0,1.0,5.0
2020-08-30,50.0,9.0,27.0,21.0,1.0,4.0
2020-08-31,22.0,7.0,18.0,18.0,1.0,5.0
2020-09-01,39.0,11.0,18.0,20.0,1.0,5.0
2020-09-02,29.0,17.0,26.0,23.0,1.0,5.0
2020-09-03,42.0,15.0,27.0,22.0,1.0,5.0
2020-09-04,45.0,13.0,22.0,18.0,1.0,4.0
2020-09-05,41.0,8.0,16.0,15.0,1.0,4.0
2020-09-06,39.0,14.0,20.0,25.0,1.0,5.0
2020-09-07,54.0,17.0,26.0,21.0,1.0,5.0
2020-09-08,49.0,19.0,30.0,28.0,1.0,5.0
2020-09-09,53.0,17.0,9.0,21.0,1.0,6.0
2020-09-10,58.0,21.0,26.0,24.0,1.0,6.0
2020-09-11,51.0,22.0,28.0,22.0,1.0,6.0
2020-09-12,55.0,22.0,34.0,20.0,1.0,5.0
2020-09-13,65.0,26.0,29.0,30.0,1.0,7.0
2020-09-14,66.0,27.0,33.0,29.0,1.0,7.0
2020-09-15,81.0,33.0,30.0,28.0,1.0,9.0
2020-09-16,80.0,24.0,17.0,25.0,1.0,6.0
2020-09-17,60.0,17.0,22.0,23.0,1.0,5.0
2020-09-18,32.0,24.0,28.0,24.0,1.0,6.0
2020-09-19,52.0,24.0,25.0,22.0,1.0,5.0
2020-09-20,68.0,28.0,30.0,28.0,1.0,7.0
2020-09-21,57.0,36.0,35.0,31.0,1.0,8.0
2020-09-22,73.0,37.0,13.0,31.0,1.0,8.0
2020-09-23,79.0,30.0,25.0,27.0,1.0,7.0
2020-09-24,77.0,25.0,23.0,26.0,1.0,7.0
2020-09-25,67.0,9.0,22.0,15.0,1.0,5.0
2020-09-26,32.0,9.0,15.0,12.0,1.0,3.0
2020-09-27,22.0,14.0,7.0,21.0,1.0,6.0
2020-09-28,53.0,20.0,11.0,18.0,1.0,6.0
2020-09-29,67.0,19.0,5.0,21.0,1.0,6.0
2020-09-30,66.0,12.0,4.0,18.0,1.0,6.0
2020-10-01,46.0,21.0,12.0,18.0,1.0,7.0
2020-10-02,66.0,23.0,25.0,23.0,2.0,6.0
2020-10-03,63.0,16.0,28.0,20.0,1.0,5.0
2020-10-04,32.0,17.0,19.0,24.0,1.0,6.0
2020-10-05,39.0,19.0,22.0,22.0,1.0,6.0
2020-10-06,42.0,24.0,13.0,21.0,1.0,6.0
2020-10-07,63.0,30.0,9.0,21.0,2.0,7.0
2020-10-08,83.0,32.0,14.0,20.0,1.0,9.0
2020-10-09,75.0,22.0,14.0,16.0,1.0,8.0
2020-10-10,70.0,14.0,14.0,16.0,1.0,4.0
2020-10-11,57.0,11.0,14.0,20.0,1.0,5.0
2020-10-12,43.0,7.0,14.0,21.0,1.0,5.0
2020-10-13,37.0,8.0,16.0,20.0,1.0,5.0
2020-10-14,24.0,14.0,11.0,17.0,1.0,6.0
2020-10-15,49.0,17.0,5.0,16.0,1.0,7.0
2020-10-16,73.0,8.0,10.0,12.0,1.0,4.0
2020-10-17,37.0,15.0,18.0,10.0,2.0,3.0
2020-10-18,55.0,21.0,14.0,18.0,2.0,5.0
2020-10-19,65.0,34.0,21.0,23.0,1.0,9.0
2020-10-20,82.0,42.0,10.0,26.0,2.0,10.0
2020-10-21,105.0,44.0,11.0,25.0,2.0,10.0
2020-10-22,130.0,52.0,6.0,22.0,2.0,10.0
2020-10-23,143.0,42.0,11.0,16.0,2.0,9.0
2020-10-24,124.0,30.0,6.0,12.0,1.0,8.0
2020-10-25,119.0,24.0,20.0,21.0,1.0,9.0
2020-10-26,79.0,30.0,21.0,26.0,2.0,9.0
2020-10-27,76.0,46.0,7.0,20.0,2.0,8.0
2020-10-28,126.0,28.0,15.0,16.0,1.0,7.0
2020-10-29,83.0,16.0,15.0,18.0,1.0,6.0
2020-10-30,56.0,20.0,22.0,18.0,1.0,5.0
2020-10-31,56.0,36.0,6.0,13.0,1.0,7.0
2020-11-01,109.0,41.0,1.0,18.0,1.0,12.0
2020-11-02,119.0,26.0,6.0,16.0,2.0,9.0
2020-11-03,91.0,19.0,14.0,19.0,1.0,6.0
2020-11-04,64.0,33.0,11.0,20.0,1.0,6.0
2020-11-05,83.0,43.0,13.0,21.0,2.0,7.0
2020-11-06,113.0,48.0,14.0,21.0,2.0,8.0
2020-11-07,136.0,35.0,12.0,17.0,2.0,9.0
2020-11-08,113.0,47.0,15.0,16.0,1.0,9.0
2020-11-09,145.0,26.0,12.0,15.0,1.0,6.0
2020-11-10,83.0,27.0,9.0,12.0,1.0,6.0
2020-11-11,89.0,32.0,8.0,17.0,1.0,7.0
2020-11-12,110.0,32.0,10.0,22.0,2.0,8.0
2020-11-13,75.0,39.0,6.0,17.0,2.0,8.0
2020-11-14,125.0,46.0,9.0,17.0,3.0,11.0
2020-11-15,135.0,29.0,5.0,18.0,2.0,8.0
2020-11-16,99.0,38.0,8.0,23.0,3.0,8.0
2020-11-17,109.0,40.0,10.0,24.0,2.0,8.0
2020-11-18,102.0,35.0,17.0,18.0,2.0,9.0
2020-11-19,99.0,26.0,18.0,19.0,2.0,5.0
2020-11-20,67.0,42.0,17.0,21.0,2.0,7.0
2020-11-21,113.0,31.0,21.0,15.0,4.0,7.0
2020-11-22,103.0,32.0,11.0,19.0,4.0,6.0
2020-11-23,92.0,43.0,13.0,24.0,3.0,8.0
2020-11-24,103.0,60.0,3.0,25.0,3.0,12.0
2020-11-25,162.0,49.0,8.0,21.0,3.0,9.0
2020-11-26,140.0,44.0,2.0,18.0,4.0,8.0
2020-11-27,146.0,28.0,6.0,17.0,3.0,7.0
2020-11-28,103.0,20.0,5.0,11.0,2.0,6.0
2020-11-29,80.0,40.0,4.0,18.0,3.0,9.0
2020-11-30,132.0,42.0,6.0,24.0,2.0,10.0
2020-12-01,105.0,45.0,8.0,18.0,1.0,8.0
2020-12-02,142.0,51.0,6.0,25.0,2.0,11.0
2020-12-03,164.0,32.0,15.0,27.0,2.0,11.0
2020-12-04,101.0,25.0,12.0,31.0,2.3333333333333335,11.0
2020-12-05,73.0,18.0,9.0,17.0,2.6666666666666665,8.0
2020-12-06,75.0,21.0,6.0,17.0,3.0,6.0
2020-12-07,78.0,27.0,7.0,17.0,2.0,8.0
2020-12-08,100.0,29.0,6.0,14.0,2.0,7.0
2020-12-09,117.0,26.0,5.0,14.0,2.0,7.0
2020-12-10,103.0,42.0,2.0,17.0,2.0,11.0
2020-12-11,149.0,30.0,6.0,17.0,1.0,8.0
2020-12-12,118.0,24.0,2.0,16.0,3.0,8.0
2020-12-13,89.0,30.0,12.0,21.0,3.0,8.0
2020-12-14,90.0,49.0,6.0,19.0,1.0,10.0
2020-12-15,145.0,64.0,2.0,23.0,3.0,15.0
2020-12-16,171.0,64.0,1.0,23.0,4.0,13.0
2020-12-17,172.0,47.0,1.0,19.0,4.0,12.0
2020-12-18,141.0,37.0,2.0,17.0,3.0,11.0
2020-12-19,136.0,38.0,2.0,18.0,2.0,11.0
2020-12-20,145.0,61.0,1.0,19.0,2.0,13.0
2020-12-21,156.0,58.0,4.0,22.0,2.0,16.0
2020-12-22,153.0,24.0,3.0,20.0,2.0,12.0
2020-12-23,89.0,19.0,14.0,17.0,2.0,11.0
2020-12-24,77.0,10.0,18.0,8.0,2.0,4.0
2020-12-25,41.0,18.0,18.0,12.0,3.0,5.0
2020-12-26,68.0,23.0,18.0,19.0,2.0,8.0
2020-12-27,83.0,11.0,23.0,20.0,2.0,7.0
2020-12-28,41.0,17.0,25.0,23.0,2.0,8.0
2020-12-29,30.0,32.0,14.0,27.0,2.0,11.0
2020-12-30,81.0,36.0,5.0,18.0,5.0,9.0
2020-12-31,107.0,44.0,10.0,14.0,3.0,7.0
2021-01-01,109.0,46.0,4.0,16.0,2.0,11.0
2021-01-02,123.0,43.0,4.0,20.0,2.0,13.0
2021-01-03,132.0,45.0,4.0,20.0,2.0,13.0
2021-01-04,139.0,19.0,3.0,14.0,2.0,8.0
2021-01-05,65.0,31.0,3.0,14.0,2.0,9.0
2021-01-06,96.0,33.0,11.0,18.0,3.0,10.0
2021-01-07,102.0,34.0,9.0,24.0,3.0,9.0
2021-01-08,79.0,33.0,8.0,15.0,5.0,8.0
2021-01-09,91.0,47.0,8.0,17.0,5.0,9.0
2021-01-10,120.0,63.0,9.0,25.0,3.0,14.0
2021-01-11,143.0,68.0,16.0,25.0,3.0,13.0
2021-01-12,129.0,21.0,18.0,20.0,3.0,6.0
2021-01-13,61.0,21.0,17.0,21.0,3.0,7.0
2021-01-14,67.0,23.0,18.0,22.0,5.0,6.0
2021-01-15,71.0,19.0,21.0,15.0,5.0,6.0
2021-01-16,66.0,29.0,22.0,14.0,3.0,6.0
2021-01-17,91.0,64.0,14.0,30.0,10.0,10.0
2021-01-18,155.0,39.0,25.0,33.0,5.0,13.0
2021-01-19,116.0,25.0,16.0,36.0,3.0,15.0
2021-01-20,63.0,53.0,2.0,42.0,3.0,20.0
2021-01-21,127.0,31.0,14.0,40.0,2.0,21.0
2021-01-22,105.0,22.0,16.0,28.0,3.0,13.0
2021-01-23,75.0,25.0,12.0,17.0,4.0,9.0
2021-01-24,83.0,21.0,16.0,19.0,4.0,8.0
2021-01-25,72.0,30.0,17.0,20.0,4.0,6.0
2021-01-26,88.0,30.0,17.0,22.0,5.0,5.0
2021-01-27,87.0,43.0,17.0,26.0,4.0,8.0
2021-01-28,121.0,24.0,16.0,21.0,4.0,5.0
2021-01-29,82.0,36.0,16.0,16.0,5.0,6.0
2021-01-30,109.0,29.0,19.0,19.0,4.0,5.0
2021-01-31,85.0,51.0,15.0,23.0,4.0,8.0
2021-02-01,139.0,68.0,4.0,33.0,4.0,13.0
2021-02-02,156.0,43.0,13.0,34.0,3.0,15.0
2021-02-03,111.0,16.0,22.0,14.0,2.0,6.0
2021-02-04,51.0,29.0,19.0,20.0,3.0,6.0
2021-02-05,93.0,21.0,25.0,15.0,2.0,4.0
2021-02-06,76.0,23.0,22.0,8.0,2.0,3.0
2021-02-07,78.0,30.0,18.0,20.0,4.0,5.0
2021-02-08,94.0,69.0,9.0,28.0,10.0,9.0
2021-02-09,162.0,67.0,16.0,25.0,6.0,9.0
2021-02-10,158.0,37.0,23.0,19.0,6.0,5.0
2021-02-11,105.0,30.0,21.0,22.0,7.0,5.0
2021-02-12,87.0,48.0,20.0,21.0,10.0,6.0
2021-02-13,130.0,29.0,28.0,12.0,5.0,4.0
2021-02-14,90.0,55.0,23.0,30.0,7.0,8.0
2021-02-15,128.0,73.0,6.0,38.0,6.0,12.0
2021-02-16,159.0,47.0,17.0,27.0,5.0,9.0
2021-02-17,127.0,41.0,17.0,26.0,3.0,9.0
2021-02-18,116.0,60.0,15.0,29.0,3.0,11.0
2021-02-19,153.0,59.0,26.0,29.0,3.0,12.0
2021-02-20,138.0,54.0,22.0,29.0,2.0,12.0
2021-02-21,128.0,56.0,16.0,34.0,3.0,13.0
2021-02-22,140.0,59.0,15.0,28.0,3.0,11.0
2021-02-23,143.0,83.0,14.0,33.0,5.0,15.0
2021-02-24,156.0,82.0,12.0,37.0,4.0,17.0
2021-02-25,166.0,58.0,25.0,24.0,4.0,10.0
2021-02-26,126.0,24.0,22.0,13.0,2.0,4.0
2021-02-27,76.0,25.0,24.0,14.0,3.0,4.0
2021-02-28,88.0,32.0,16.0,20.0,3.0,5.0
2021-03-01,84.0,51.0,19.0,27.0,4.0,8.0
2021-03-02,131.0,56.0,22.0,32.0,4.0,11.0
2021-03-03,130.0,52.0,18.0,21.0,5.0,7.0
2021-03-04,137.0,22.0,21.0,23.0,1.0,5.0
2021-03-05,75.0,36.0,24.0,20.0,4.0,5.0
2021-03-06,103.0,29.0,32.0,16.0,3.0,5.0
2021-03-07,86.0,34.0,24.0,26.0,4.0,6.0
2021-03-08,92.0,44.0,28.0,27.0,4.0,7.0
2021-03-09,118.0,43.0,34.0,31.0,3.0,7.0
2021-03-10,114.0,40.0,29.0,32.0,2.0,8.0
2021-03-11,113.0,18.0,26.0,22.0,2.0,6.0
2021-03-12,60.0,20.0,32.0,19.0,2.0,7.0
2021-03-13,58.0,11.0,33.0,11.0,2.0,4.0
2021-03-14,38.0,38.0,24.0,25.0,4.0,7.0
2021-03-15,93.0,60.0,19.0,25.0,4.0,10.0
2021-03-16,120.0,19.0,27.0,18.0,2.0,5.0
2021-03-17,78.0,20.0,28.0,20.0,2.0,5.0
2021-03-18,66.0,40.0,24.0,26.0,4.0,7.0
2021-03-19,116.0,18.0,23.0,14.0,3.0,5.0
2021-03-20,63.0,26.0,27.0,11.0,3.0,5.0
2021-03-21,86.0,18.0,33.0,21.0,2.0,5.0
2021-03-22,58.0,36.0,24.0,18.0,5.0,5.0
2021-03-23,100.0,38.0,23.0,22.0,5.0,6.0
2021-03-24,99.0,57.0,30.0,28.0,5.0,9.0
2021-03-25,137.0,69.0,38.0,33.0,4.0,10.0
2021-03-26,149.0,40.0,41.0,20.0,2.0,8.0
2021-03-27,99.0,23.0,33.0,15.0,2.0,5.0
2021-03-28,61.0,40.0,28.0,25.0,2.0,7.0
2021-03-29,100.0,42.0,13.0,26.0,3.0,9.0
2021-03-30,108.0,49.0,33.0,28.0,3.0,10.0
2021-03-31,113.0,41.0,48.0,24.0,2.0,8.0
2021-04-01,91.0,23.0,30.0,18.0,2.0,5.0
2021-04-02,73.0,24.0,28.0,13.0,3.0,5.0
2021-04-03,78.0,15.0,32.0,10.0,2.0,4.0
2021-04-04,53.0,22.0,38.0,9.0,2.0,5.0
2021-04-05,52.0,18.0,32.0,16.0,2.0,5.0
2021-04-06,58.0,21.0,27.0,17.0,3.0,6.0
2021-04-07,72.0,17.0,26.0,18.0,2.0,5.0
2021-04-08,61.0,28.0,36.0,28.0,2.0,7.0
2021-04-09,66.0,30.0,45.0,28.0,2.0,8.0
2021-04-10,74.0,22.0,40.0,21.0,1.0,7.0
2021-04-11,65.0,28.0,33.0,22.0,2.0,7.0
2021-04-12,75.0,13.0,30.0,20.0,1.0,6.0
2021-04-13,50.0,14.0,29.0,19.0,1.0,6.0
2021-04-14,57.0,13.0,24.0,17.0,2.0,6.0
2021-04-15,55.0,16.0,19.0,17.0,2.0,6.0
2021-04-16,66.0,26.0,20.0,17.0,3.0,7.0
2021-04-17,83.0,33.0,28.0,21.0,3.0,7.0
2021-04-18,91.0,41.0,16.0,27.0,2.0,9.0
2021-04-19,119.0,29.0,36.0,27.0,2.0,7.0
2021-04-20,86.0,38.0,38.0,25.0,3.0,7.0
2021-04-21,102.0,28.0,27.0,23.0,2.0,6.0
2021-04-22,76.0,24.0,28.0,21.0,2.0,5.0
2021-04-23,65.0,29.0,37.0,19.0,2.0,5.0
2021-04-24,70.0,20.0,36.0,15.0,1.0,5.0
2021-04-25,55.0,28.0,33.0,21.0,2.0,6.0
2021-04-26,64.0,27.0,41.0,23.0,1.0,5.0
2021-04-27,68.0,32.0,48.0,29.0,1.0,6.0
2021-04-28,75.0,33.0,35.0,30.0,1.0,8.0
2021-04-29,77.0,22.0,44.0,28.0,1.0,7.0
2021-04-30,65.0,27.0,27.0,16.0,1.0,6.0
2021-05-01,96.0,16.0,35.0,6.0,1.0,5.0
2021-05-02,56.0,13.0,39.0,11.0,1.0,4.0
2021-05-03,40.0,20.0,43.0,25.0,1.0,6.0
2021-05-04,57.0,13.0,38.0,27.0,1.0,4.0
2021-05-05,41.0,12.0,31.0,21.0,1.0,4.0
2021-05-06,31.0,10.0,30.0,18.0,1.0,4.0
2021-05-07,31.0,17.0,36.0,18.0,1.0,3.0
2021-05-08,43.0,19.0,42.0,23.0,1.0,5.0
2021-05-09,47.0,21.0,40.0,33.0,1.0,6.0
2021-05-10,41.0,28.0,52.0,26.0,1.0,4.0
2021-05-11,52.0,30.0,50.0,26.0,1.0,4.0
2021-05-12,55.0,26.0,31.0,24.0,1.0,4.0
2021-05-13,63.0,19.0,21.0,16.0,1.0,4.0
2021-05-14,65.0,11.0,39.0,18.0,1.0,4.0
2021-05-15,47.0,10.0,28.0,16.0,1.0,3.0
2021-05-16,36.0,10.0,28.0,16.0,1.0,3.0
